House_ID,Price,Area_sqft,Num_Bedrooms,Num_Bathrooms,Year_Built,Lot_Size,Price_norm,Area_sqft_norm,Num_Bedrooms_norm,Num_Bathrooms_norm,Lot_Size_norm
H100000,574507,1462,3,3,2002,4878,0.4852261304477206,0.3157894736842105,0.5,1.0,0.32081403044341494
H100001,479260,1727,2,2,1979,4943,0.3878274972415634,0.39458816532857566,0.25,0.5,0.3261912640635341
H100002,597153,1403,5,2,1952,5595,0.5083837044142144,0.2982456140350877,1.0,0.5,0.38012905360688287
H100003,728454,1646,5,2,1992,9305,0.642650798796207,0.3705025275052037,1.0,0.5,0.6870450033090668
H100004,464876,853,1,1,1956,7407,0.3731185621566015,0.13470115967885815,0.0,0.0,0.5300297816015883
H100005,464879,1906,1,3,1998,7617,0.373121629926711,0.44781445138269405,0.0,1.0,0.5474023825281271
H100006,736881,1800,3,1,2022,9215,0.6512681650337608,0.416294974724948,0.5,0.0,0.6795996029119789
H100007,615115,1391,2,2,1990,7805,0.5267514666497598,0.29467737139458816,0.25,0.5,0.5629549966909332
H100008,429578,2129,4,1,2003,3737,0.33702317904835727,0.5141242937853108,0.75,0.0,0.2264228987425546
H100009,581384,2268,1,3,2018,7774,0.4922584821287052,0.5554564377044305,0.0,1.0,0.5603904698874917
H100010,430487,996,4,2,1976,8028,0.3379527133915323,0.17722271781147786,0.75,0.5,0.5814030443414957
H100011,430140,1418,4,1,1957,7303,0.33759787464886815,0.30270591733571217,0.75,0.0,0.5214262078093977
H100012,536294,1415,2,1,1981,5609,0.44614989738308986,0.3018138566755873,0.25,0.0,0.3812872270019854
H100013,213007,1330,3,3,2013,7092,0.11555983225433042,0.27653880463871544,0.5,1.0,0.5039708802117803
H100014,241262,2214,2,1,1959,5959,0.14445311373553163,0.5393993458221826,0.25,0.0,0.41024156187954997
H100015,415656,1703,1,3,1962,4043,0.3227866805602566,0.3874516800475766,0.0,1.0,0.25173726009265385
H100016,348075,1667,4,2,2012,4540,0.2536790233038043,0.3767469521260779,0.75,0.5,0.2928524156187955
H100017,547137,798,2,2,1984,7407,0.45723784114881855,0.1183467142432352,0.25,0.5,0.5300297816015883
H100018,363796,2117,2,1,2010,4188,0.2697551612675617,0.5105560511448112,0.25,0.0,0.26373262739907344
H100019,288154,1180,2,2,2003,4376,0.19240440572691325,0.231935771632471,0.25,0.5,0.27928524156187956
H100020,719847,1829,1,2,1957,7506,0.6338493663520839,0.4249182277728219,0.0,0.5,0.5382197220383852
H100021,466133,1938,3,1,1978,6267,0.37440395783247726,0.45732976509069284,0.5,0.0,0.43572137657180676
H100022,510129,2480,2,2,1990,7154,0.41939382907816575,0.6184953910199227,0.25,0.5,0.5090999338186631
H100023,286287,1145,1,1,1979,3541,0.19049523012877476,0.2215283972643473,0.0,0.0,0.21020847121111846
H100024,418342,400,4,3,1970,7098,0.32553335739828554,0.0,0.75,1.0,0.5044672402382528
H100025,516638,1891,5,3,1960,4679,0.4260498676257198,0.4433541480820696,1.0,1.0,0.30435142289874256
H100026,327350,2700,1,3,1951,3966,0.2324858447974198,0.6839131727624145,0.0,1.0,0.24536730641958968
H100027,556354,2419,5,1,1999,4989,0.4666630535152044,0.6003568242640499,1.0,0.0,0.32999669093315687
H100028,409904,1904,2,1,1990,8724,0.31690474267033025,0.4472197442759441,0.25,0.0,0.6389808074123098
H100029,456245,1554,2,2,2015,5271,0.36429258755160243,0.3431460005947071,0.25,0.5,0.35332561217736597
H100030,409744,2203,1,2,1952,10402,0.31674112826449086,0.5361284567350579,0.0,0.5,0.777796161482462
H100031,777841,1313,5,2,2000,1875,0.6931534529286467,0.27148379423134106,1.0,0.5,0.07238583719391131
H100032,497975,2038,2,2,2017,2907,0.40696526977459047,0.4870651204281891,0.25,0.5,0.15775976174718728
H100033,341343,2052,4,2,1974,8648,0.24679494717811165,0.49122807017543857,0.75,0.5,0.6326935804103243
H100034,623381,2330,3,1,1979,9151,0.5352041958914378,0.5738923580136782,0.5,0.0,0.6743050959629384
H100035,316873,3179,3,1,1960,4273,0.2217721689850487,0.8263455248290217,0.5,0.0,0.2707643944407677
H100036,531329,1996,2,3,1966,6137,0.441072737851886,0.4745762711864407,0.25,1.0,0.4249669093315685
H100037,206049,1545,5,3,1975,7424,0.10844465078038959,0.34046981861433245,1.0,1.0,0.5314361350099271
H100038,300772,1787,2,3,1972,5541,0.20530744680742277,0.4124293785310734,0.25,1.0,0.37566181336863
H100039,529529,915,5,3,2005,6299,0.4392320757861928,0.15313707998810586,1.0,1.0,0.4383686300463269
H100040,610769,1452,4,1,2001,6021,0.5223072903511472,0.3128159381504609,0.75,0.0,0.41537061548643284
H100041,525705,1595,5,1,1997,3037,0.4353216914866312,0.3553374962830806,1.0,0.0,0.16851422898742555
H100042,482652,1537,2,1,1969,5310,0.3912961226453586,0.33809099018733274,0.25,0.0,0.3565519523494375
H100043,454834,1876,4,2,1951,6024,0.36284971301010627,0.43889384478144516,0.75,0.5,0.41561879549966907
H100044,278221,1388,1,2,1980,6206,0.1822470188943961,0.2937853107344633,0.0,0.5,0.43067504963600267
H100045,392023,2360,3,3,1976,2538,0.29861981022774103,0.5828129646149272,0.5,1.0,0.1272336201191264
H100046,430904,1800,2,2,1951,7507,0.33837913343675124,0.416294974724948,0.25,0.5,0.538302448709464
H100047,658568,1795,2,1,1953,6258,0.5711860715056309,0.41480820695807313,0.25,0.0,0.43497683653209795
H100048,551542,1636,2,3,1962,3889,0.4617423502595845,0.36752899197145406,0.25,1.0,0.23899735274652548
H100049,235543,1877,4,3,1984,9598,0.13860492131680965,0.4391911983348201,0.75,1.0,0.7112839179351423
H100050,548612,2212,1,2,2021,5306,0.4587461614526505,0.5388046387154326,0.0,0.5,0.3562210456651224
H100051,442237,1366,5,3,2015,5436,0.34996814632036316,0.2872435325602141,1.0,1.0,0.3669755129053607
H100052,398461,1470,1,2,1955,7283,0.3052032448827038,0.3181683021112102,0.0,0.5,0.5197716743878227
H100053,591751,1648,4,2,1980,9768,0.5028596730370617,0.3710972346119536,0.75,0.5,0.7253474520185308
H100054,654649,1127,2,3,1959,7362,0.5671785411526021,0.21617603330359797,0.25,1.0,0.5263070814030444
H100055,639692,1390,3,2,1970,7652,0.5518836619767279,0.2943800178412132,0.5,0.5,0.5502978160158836
H100056,374117,1561,2,2,1972,3996,0.2803093130342394,0.3452274754683318,0.25,0.5,0.24784910655195236
H100057,453618,2237,5,2,1952,6173,0.36160624352572684,0.5462384775498067,1.0,0.5,0.42794506949040373
H100058,549689,1931,3,2,1981,4935,0.4598474909219569,0.4552482902170681,0.5,0.5,0.325529450694904
H100059,646331,1896,2,3,1969,7408,0.5586726372290264,0.4448409158489444,0.25,1.0,0.5301125082726671
H100060,428123,2225,3,1,1978,7593,0.33553531054525526,0.5426702349093072,0.5,0.0,0.5454169424222369
H100061,472151,1731,1,1,2001,9266,0.3805579046721116,0.39577757954207554,0.0,0.0,0.6838186631369954
H100062,334049,1995,4,2,1995,1683,0.2393361754519081,0.47427891763306573,0.75,0.5,0.056502316346790205
H100063,320569,1748,2,2,1983,4738,0.22555166175993882,0.40083258994944987,0.25,0.5,0.30923229649238915
H100064,621878,1932,5,2,2010,8600,0.5336672430665839,0.45554564377044304,1.0,0.5,0.628722700198544
H100065,703436,1508,1,1,2021,3196,0.6170676412631441,0.3294677371394588,0.0,0.0,0.1816677696889477
H100066,489198,580,2,2,2020,7611,0.397989997024263,0.05352363960749331,0.25,0.5,0.5469060225016545
H100067,650529,1732,1,3,2019,8268,0.5629654702022376,0.3960749330954505,0.0,1.0,0.601257445400397
H100068,554245,2511,5,3,1960,5943,0.4645064111282338,0.6277133511745465,1.0,1.0,0.40891793514228986
H100069,403232,2263,2,3,2012,3157,0.3100820219468274,0.5539696699375558,0.25,1.0,0.17844142951687625
H100070,554209,2282,5,1,1970,5756,0.46446959788691994,0.55961938745168,1.0,0.0,0.3934480476505625
H100071,730705,2418,3,2,1952,8917,0.64495264896836,0.600059470710675,0.5,0.5,0.6549470549305096
H100072,494626,1844,5,2,1959,9078,0.40354061574236455,0.4293785310734463,1.0,0.5,0.6682660489741893
H100073,734696,1898,3,2,1976,6415,0.6490338058040165,0.44543562295569433,0.5,0.5,0.4479649238914626
H100074,107038,1491,2,1,1961,4045,0.007196988676860526,0.32441272673208443,0.25,0.0,0.2519027134348114
H100075,623285,1641,3,1,1956,9476,0.5351060272479341,0.3690157597383289,0.5,0.0,0.701191264063534
H100076,513057,2107,2,1,1966,7641,0.42238797270502676,0.5075825156110616,0.25,0.0,0.5493878226340172
H100077,455148,2401,2,1,2014,4176,0.36317080628156606,0.5950044603033007,0.25,0.0,0.2627399073461284
H100078,513764,1730,4,3,2013,6685,0.4231109438608296,0.3954802259887006,0.75,1.0,0.47030112508272665
H100079,201864,1574,2,1,1975,6593,0.10416511147765282,0.3490930716622064,0.25,0.0,0.4626902713434811
H100080,467049,1800,3,1,1964,4726,0.3753406503059078,0.416294974724948,0.5,0.0,0.30823957643944405
H100081,553566,2100,4,1,1982,6696,0.46381207249345285,0.5055010407374368,0.75,0.0,0.47121111846459296
H100082,721684,1078,4,2,2011,8212,0.6357278642491275,0.2016057091882248,0.75,0.5,0.5966247518199868
H100083,422259,651,2,2,1996,5407,0.3295388425712413,0.07463574189711566,0.25,0.5,0.36457643944407675
H100084,378725,1524,5,2,1984,8416,0.28502140792241404,0.33422539399345824,1.0,0.5,0.613500992720053
H100085,424736,1189,5,3,2014,2489,0.3320717980916425,0.23461195361284568,1.0,1.0,0.12318001323626737
H100086,637310,1545,4,3,2021,10436,0.5494478525097939,0.34046981861433245,0.75,1.0,0.7806088682991397
H100087,549312,1726,2,1,1974,6114,0.45946197447819787,0.3942908117752007,0.25,0.0,0.4230641958967571
H100088,420535,1573,5,2,2006,8146,0.3277758973483218,0.3487957181088314,1.0,0.5,0.5911647915287889
H100089,576990,2526,2,3,1981,6437,0.48776522150834073,0.6321736544751709,0.25,1.0,0.4497849106551952
H100090,514561,1963,2,2,2012,4352,0.4239259481199171,0.4647636039250669,0.25,0.5,0.2772998014559894
H100091,645296,1950,4,3,1961,5927,0.5576142565412529,0.4608980077311924,0.75,1.0,0.4075943084050298
H100092,394692,2111,4,3,2012,2181,0.3013491030351495,0.5087719298245614,0.75,1.0,0.09770019854401059
H100093,450850,1230,1,1,1950,7376,0.35877571430470523,0.24680344930121914,0.0,0.0,0.5274652547981469
H100094,441183,2319,5,1,2000,6387,0.3488903364218961,0.5706214689265536,1.0,0.0,0.44564857710125744
H100095,280472,1762,5,3,2019,5616,0.18454886906654913,0.4049955396966994,1.0,1.0,0.3818663136995367
H100096,544418,2135,5,1,1957,7505,0.4544574188395853,0.5159084151055605,1.0,0.0,0.5381369953673064
H100097,539158,1264,3,3,2017,6075,0.44907859524761506,0.2569134701159679,0.5,1.0,0.4198378557246856
H100098,500767,1023,2,3,1954,7213,0.40982034115648797,0.18525126375260184,0.25,1.0,0.5139808074123098
H100099,464811,2208,4,2,1988,7924,0.3730520938042292,0.5376152245019328,0.75,0.5,0.5727994705493051
H100100,287694,1988,5,1,1972,4901,0.19193401431012497,0.472197442759441,1.0,0.0,0.32271674387822635
H100101,436903,1348,1,1,2017,4329,0.3445136510656922,0.2818911685994648,0.0,0.0,0.275397088021178
H100102,448592,1365,5,1,2001,2554,0.35646670600229674,0.2869461790068391,1.0,0.0,0.1285572468563865
H100103,379658,2362,2,2,1953,6245,0.28597548442646503,0.5834076717216771,0.25,0.5,0.43390138980807413
H100104,475807,1205,2,2,1996,6904,0.3842964938455419,0.23936961046684507,0.25,0.5,0.4884182660489742
H100105,560607,2621,4,2,1970,3352,0.4710121289404229,0.6604222420457925,0.75,0.5,0.19457313037723362
H100106,782927,1349,3,1,2005,8840,0.6983543458542666,0.28218852215283974,0.5,0.0,0.6485771012574454
H100107,526186,2119,4,1,2015,4355,0.43581355729418586,0.5111507582515611,0.75,0.0,0.27754798146922566
H100108,538632,1635,5,1,2008,1792,0.44854071288841807,0.3672316384180791,1.0,0.0,0.06551952349437459
H100109,488833,2101,1,2,1956,8989,0.39761675166094185,0.5057983942908117,0.0,0.5,0.66090337524818
H100110,212184,1527,4,2,1998,2053,0.11471824065429401,0.3351174546535831,0.75,0.5,0.08711118464592985
H100111,496022,1718,3,3,1965,7928,0.40496815143331333,0.391911983348201,0.5,1.0,0.5731303772336201
H100112,509034,1820,4,2,1966,7442,0.4182740929882024,0.42224204579244723,0.75,0.5,0.5329252150893448
H100113,869486,1298,2,3,1983,6639,0.7868687168233445,0.26702349093071664,0.25,1.0,0.4664956982131039
H100114,471145,2170,5,1,1982,4954,0.3795291790953964,0.5263157894736842,1.0,0.0,0.3271012574454004
H100115,545232,1543,5,2,1975,7005,0.45528980712929323,0.33987511150758254,1.0,0.5,0.49677365982792854
H100116,494793,1685,5,1,2015,8096,0.4037113882784594,0.38209931608682723,1.0,0.0,0.587028457974851
H100117,324698,1302,5,1,2012,4028,0.22977393602063179,0.2682129051442165,1.0,0.0,0.2504963600264725
H100118,671423,518,5,1,1990,7952,0.5843314664247901,0.03508771929824561,1.0,0.0,0.5751158173395102
H100119,612789,1704,5,1,2007,7861,0.5243729222248696,0.38774903360095153,1.0,0.0,0.5675876902713435
H100120,618654,3006,1,2,1959,6586,0.53037041278892,0.7749033600951531,0.0,0.5,0.4621111846459299
H100121,363591,2192,3,1,1964,4924,0.26954553031008,0.5328575676479334,0.5,0.0,0.3246194573130377
H100122,710419,1790,5,3,1991,7870,0.6242083874879973,0.41332143919119835,1.0,1.0,0.5683322303110523
H100123,289722,1668,3,2,2006,7016,0.19400782690413934,0.37704430567945285,0.5,0.5,0.49768365320979485
H100124,588028,1811,5,1,1966,3968,0.4990525703311862,0.41956586381207256,1.0,0.0,0.24553275976174718
H100125,828568,2073,4,2,2009,5265,0.7450263777099915,0.49747249479631284,0.75,0.5,0.35282925215089345
H100126,351419,1209,5,3,1958,7638,0.25709856438584777,0.24055902468034493,1.0,1.0,0.549139642620781
H100127,415055,2357,2,1,1985,6229,0.3221721039483224,0.5819209039548022,0.25,0.0,0.432577763070814
H100128,514947,2157,1,3,2022,8171,0.42432066787400463,0.5224501932798097,0.0,1.0,0.5932329583057577
H100129,424478,2159,4,1,1985,5316,0.33180796986222644,0.5230449003865596,0.75,0.0,0.35704831237591
H100130,267400,2019,4,3,1997,4000,0.1711815721094703,0.4814154029140648,0.75,1.0,0.24818001323626737
H100131,510284,1809,2,1,2000,10387,0.4195523305338227,0.41897115670532264,0.25,0.0,0.7765552614162806
H100132,340654,2136,5,2,2019,2638,0.24609038264296576,0.5162057686589355,1.0,0.5,0.13550628722700198
H100133,571038,2095,1,1,2017,5000,0.48167876561111517,0.504014272970562,0.0,0.0,0.3309066843150232
H100134,362086,1622,4,2,1971,6559,0.26800653230515314,0.3633660422242046,0.75,0.5,0.45987756452680345
H100135,732490,1513,1,1,1955,7972,0.6467779721835059,0.33095450490633366,0.0,0.0,0.5767703507610854
H100136,382512,1850,4,1,1975,7292,0.2888939563906253,0.4311626523936961,0.75,0.0,0.5205162144275315
H100137,451690,2574,5,3,1952,10622,0.3596346899353621,0.6464466250371692,1.0,1.0,0.7959960291197882
H100138,622027,1180,4,3,2001,5764,0.5338196089820219,0.231935771632471,0.75,1.0,0.3941098610191926
H100139,315370,1066,4,3,2009,4254,0.22023521616019487,0.19803746654772525,0.75,1.0,0.2691925876902713
H100140,534118,1882,3,1,2012,5560,0.443924741463674,0.4406779661016949,0.5,0.0,0.3772336201191264
H100141,696071,1825,5,1,2014,5360,0.6095362656443494,0.423728813559322,1.0,0.0,0.36068828590337526
H100142,258877,1886,2,1,2001,5863,0.16246603722841288,0.4418673803151948,0.25,0.0,0.4022998014559894
H100143,527695,1921,2,2,1963,4035,0.4373566456592587,0.45227475468331846,0.25,0.5,0.2510754467240238
H100144,538982,1688,5,2,2021,7568,0.44889861940119175,0.3829913767469521,1.0,0.5,0.5433487756452681
H100145,617273,2544,2,1,2017,6741,0.5289582159485188,0.6375260184359203,0.25,0.0,0.474933818663137
H100146,314457,999,5,3,1977,3472,0.2193015914568738,0.17811477847160273,1.0,1.0,0.20450033090668432
H100147,301931,1385,2,3,2020,7936,0.20649262865972193,0.29289325007433836,0.25,1.0,0.5737921906022502
H100148,578291,1748,3,3,1959,4377,0.48909561114582234,0.40083258994944987,0.5,1.0,0.2793679682329583
H100149,544547,978,2,1,2006,3634,0.45458933295429327,0.17187035385072852,0.25,0.0,0.21790205162144274
H100150,537573,1712,4,3,2015,6174,0.44745779003976854,0.39012786202795124,0.75,1.0,0.42802779616148245
H100151,551967,2630,5,1,1999,2484,0.4621769510250954,0.6630984240261671,1.0,0.0,0.12276637988087359
H100152,397996,1810,1,2,1963,7179,0.30472774051573304,0.4192685102586976,0.0,0.5,0.511168100595632
H100153,534838,1915,1,3,1965,1000,0.4446610062899513,0.4504906333630687,0.0,1.0,0.0
H100154,543960,1169,5,2,2003,3941,0.45398907260287,0.22866488254534642,1.0,0.5,0.2432991396426208
H100155,392847,1491,3,3,1992,9150,0.29946242441781395,0.32441272673208443,0.5,1.0,0.6742223692918597
H100156,779866,1612,2,1,1991,4626,0.6952241977525516,0.360392506690455,0.25,0.0,0.2999669093315685
H100157,571074,1641,3,1,1971,4976,0.481715578852429,0.3690157597383289,0.5,0.0,0.32892124420913305
H100158,321304,2440,1,1,2017,8547,0.22630326543676355,0.6066012488849242,0.0,0.0,0.62433818663137
H100159,598483,2078,5,1,1968,4414,0.5097437491627544,0.4989592625631876,1.0,0.0,0.2824288550628723
H100160,353797,1244,5,3,2015,7526,0.2595302834926358,0.2509663990484686,1.0,1.0,0.5398742554599603
H100161,618062,1923,3,2,1988,8348,0.5297650394873142,0.4528694617900684,0.5,0.5,0.6078755790866975
H100162,673789,2049,3,1,2022,6957,0.5867509144511401,0.4903360095153137,0.5,0.0,0.49280277961614827
H100163,376897,2370,2,3,1968,3110,0.28315211333569895,0.5857865001486767,0.25,1.0,0.17455327597617473
H100164,644506,2590,4,2,1965,4792,0.5568064104124207,0.6512042818911686,0.75,0.5,0.31369953673064194
H100165,561917,1292,4,1,2003,11427,0.47235172188823293,0.26523936961046685,0.75,0.0,0.8625909993381866
H100166,623309,1394,2,2,1974,5018,0.53513056940881,0.29556943205471303,0.25,0.5,0.33239576439444074
H100167,784518,1171,4,1,1967,11972,0.6999812866023322,0.22925958965209633,0.75,0.0,0.9076770350761085
H100168,463191,1682,1,2,1972,9417,0.37139549794510535,0.38120725542670236,0.0,0.5,0.6963103904698875
H100169,386939,2033,4,2,1960,7038,0.2934209624821941,0.4855783526613143,0.75,0.5,0.4995036399735275
H100170,366572,2293,2,1,1988,6594,0.27259387120887524,0.5628902765388046,0.25,0.0,0.4627729980145599
H100171,377628,1762,4,3,2017,5070,0.28389962665237767,0.4049955396966994,0.75,1.0,0.3366975512905361
H100172,488434,1640,5,2,1974,5822,0.39720873823637987,0.3687184061849539,1.0,0.5,0.3989080079417604
H100173,551172,1875,3,1,2012,4622,0.46136399194608085,0.43859649122807015,0.5,0.0,0.2996360026472535
H100174,541503,1382,1,2,1979,5872,0.45147656888319876,0.2920011894142135,0.0,0.5,0.40304434149569823
H100175,624077,2844,5,2,1994,3275,0.5359159185568392,0.7267320844484092,1.0,0.5,0.18820317670416942
H100176,501950,996,5,3,2010,3168,0.411030065169663,0.17722271781147786,1.0,1.0,0.17935142289874256
H100177,718030,1892,2,2,2000,8602,0.6319913202557702,0.44365150163544453,0.25,0.5,0.6288881535407015
H100178,460301,2811,3,2,1958,2775,0.3684402127396312,0.7169194171870353,0.5,0.5,0.14683984116479154
H100179,908025,1803,3,1,1951,7772,0.8262783142398731,0.41718703538507285,0.5,0.0,0.5602250165453342
H100180,593850,1704,1,1,1954,2211,0.5050060895236673,0.38774903360095153,0.0,0.0,0.10018199867637326
H100181,371426,1621,2,3,2011,7259,0.277557523246028,0.36306868867082964,0.25,1.0,0.5177862342819325
H100182,339366,1709,1,2,2018,5584,0.2447732866759586,0.3892358013678264,0.0,0.5,0.37921906022501656
H100183,572370,2486,4,2,2001,8642,0.48304085553972814,0.6202795123401724,0.75,0.5,0.6321972203838517
H100184,466480,694,5,2,1954,5336,0.37475879657514144,0.08742194469223907,1.0,0.5,0.3587028457974851
H100185,607100,2566,1,3,2008,1980,0.5185554075072425,0.6440677966101694,0.0,1.0,0.08107213765718067
H100186,570985,1088,5,2,2017,5623,0.4816245683391808,0.20457924472197442,1.0,0.5,0.382445400397088
H100187,489075,1666,2,1,1958,6319,0.39786421844977393,0.37644959857270294,0.25,0.0,0.44002316346790205
H100188,372980,1585,4,3,1971,5736,0.27914662816274316,0.35236396074933096,0.75,1.0,0.39179351422898745
H100189,272772,2094,2,1,1976,7150,0.1766749257855281,0.503716919417187,0.25,0.0,0.5087690271343481
H100190,433022,1000,4,1,1959,4871,0.3405449791340503,0.1784121320249777,0.75,0.0,0.32023494374586364
H100191,628459,2031,4,3,2010,3473,0.5403969080967657,0.48498364555456436,0.75,1.0,0.20458305757776307
H100192,532114,2812,5,1,2000,4000,0.44187547103053554,0.7172167707404103,1.0,0.0,0.24818001323626737
H100193,313139,1118,2,2,1959,4968,0.21795381778877176,0.2134998513232233,0.25,0.5,0.32825943084050296
H100194,525977,1894,2,3,1955,4951,0.43559983597655816,0.44424620874219445,0.25,1.0,0.32685307743216413
H100195,557797,1469,1,1,2011,10812,0.46813865093786844,0.31787094855783526,0.0,0.0,0.8117140966247518
H100196,367421,2012,2,2,1954,8510,0.2734620501498606,0.47933392804044006,0.25,0.5,0.621277299801456
H100197,523058,1809,1,2,2019,7373,0.43261489566002564,0.41897115670532264,0.0,0.5,0.5272170747849106
H100198,508731,1479,3,1,2012,6892,0.417964248207144,0.3208444840915849,0.5,0.0,0.4874255459960291
H100199,328554,2043,3,2,2005,6599,0.23371704320136127,0.48855188819506395,0.5,0.5,0.4631866313699537
H100200,553668,2702,3,3,2008,6610,0.4639163766771755,0.6845078798691644,0.5,1.0,0.46409662475182
H100201,584117,1704,2,1,2012,6326,0.4950532206984494,0.38774903360095153,0.25,0.0,0.44060225016545335
H100202,662457,2159,2,2,2008,6080,0.5751629241575648,0.5230449003865596,0.25,0.5,0.4202514890800794
H100203,658070,1153,1,2,2000,1816,0.5706768216674558,0.22390722569134702,0.0,0.5,0.06750496360026473
H100204,293349,1321,4,1,1999,5261,0.1977167609665112,0.27386262265834077,0.75,0.0,0.35249834546657843
H100205,359326,2036,1,1,1953,5519,0.26518418380442355,0.4864704133214392,0.0,0.0,0.3738418266048974
H100206,577255,2542,3,1,1997,4502,0.4880362078680123,0.6369313113291704,0.5,0.0,0.28970880211780276
H100207,577067,1977,1,1,1981,4887,0.48784396094115096,0.4689265536723164,0.0,0.0,0.32155857048312375
H100208,577257,1643,4,3,2000,6601,0.48803825304808524,0.3696104668450788,0.75,1.0,0.4633520847121112
H100209,1077909,1799,2,1,2001,7535,1.0,0.415997621171573,0.25,0.0,0.5406187954996691
H100210,585633,1174,1,3,1983,6598,0.49660346719377774,0.23015165031222123,0.0,1.0,0.4631039046988749
H100211,670334,2102,3,3,1985,7484,0.5832178658750456,0.5060957478441868,0.5,1.0,0.5363997352746526
H100212,643100,2241,3,1,2019,7520,0.555368648821107,0.5474278917633065,0.5,0.0,0.5393778954334878
H100213,597708,1573,2,3,1992,5400,0.5089512418844698,0.3487957181088314,0.25,1.0,0.3639973527465255
H100214,452709,1564,1,1,1965,7050,0.36067670918255174,0.34611953612845675,0.0,0.0,0.5004963600264726
H100215,613845,1932,4,1,2008,2507,0.5254527773034097,0.45554564377044304,0.75,0.0,0.12466909331568497
H100216,384076,1581,2,2,2002,5231,0.2904932872077054,0.3511745465358311,0.25,0.5,0.3500165453342158
H100217,464477,1766,1,1,1968,4996,0.37271054873203946,0.4061849539101992,0.0,0.0,0.33057577763070817
H100218,427195,2849,5,2,1990,9062,0.33458634699138673,0.7282188522152839,1.0,0.5,0.6669424222369292
H100219,512281,1676,3,3,1996,6674,0.42159444283670566,0.37942313410645256,0.5,1.0,0.46939113170086033
H100220,847198,1620,4,2,2003,3331,0.7640772300899163,0.36277133511745463,0.75,0.5,0.19283587028457974
H100221,219910,1476,4,3,2004,7189,0.12261877127626394,0.31995242343146,0.75,1.0,0.5119953673064196
H100222,602939,2172,4,1,1968,7819,0.5143004103653817,0.5269104965804341,0.75,0.0,0.5641131700860358
H100223,258092,1709,3,3,2011,5820,0.1616633040497633,0.3892358013678264,0.5,1.0,0.3987425545996029
H100224,429210,1475,1,3,2008,7380,0.33664686591492665,0.31965506987808506,0.0,1.0,0.527796161482462
H100225,663342,2460,2,1,2014,1008,0.576067916339864,0.6125483199524234,0.25,0.0,0.0006618133686300463
H100226,509642,2509,1,3,2017,1000,0.4188958277303921,0.6271186440677966,0.0,1.0,0.0
H100227,338338,1499,2,1,1977,3642,0.24372206411844047,0.32679155515908415,0.25,0.0,0.2185638649900728
H100228,392704,866,4,2,1967,6298,0.29931619404259496,0.13856675587273268,0.75,0.5,0.4382859033752482
H100229,601939,2303,1,1,1975,9064,0.5132778203288854,0.5658638120725543,0.0,0.0,0.6671078755790867
H100230,390445,1457,4,1,1968,3747,0.29700616315014994,0.3143027059173357,0.75,0.0,0.22725016545334215
H100231,532468,2195,5,3,2004,4292,0.44223746790345525,0.5337496283080583,1.0,1.0,0.27233620119126406
H100232,506835,814,4,2,2006,6177,0.41602541749794714,0.12310437109723461,0.75,0.5,0.42827597617471874
H100233,402259,2246,4,1,1955,5015,0.3090870418413165,0.5489146595301814,0.75,0.0,0.3321475843812045
H100234,821591,1194,2,2,1950,4901,0.7378917670253572,0.2360987213797205,0.25,0.5,0.32271674387822635
H100235,595087,2165,5,2,1957,5157,0.5062710333988132,0.5248290217068095,1.0,0.5,0.3438947716743878
H100236,196228,1807,4,3,2000,8629,0.09840179403196003,0.41837644959857273,0.75,1.0,0.6311217736598279
H100237,527968,1323,4,1,1974,8232,0.43763581273922214,0.2744573297650907,0.75,0.0,0.5982792852415619
H100238,400732,1596,5,3,1996,6046,0.30752554685558675,0.35563484983645555,1.0,1.0,0.4174387822634017
H100239,627865,2143,5,1,2004,9308,0.5397894896150869,0.5182872435325602,1.0,0.0,0.6872931833223032
H100240,381121,1852,1,2,2013,7018,0.28747153364985906,0.431757359500446,0.0,0.5,0.49784910655195236
H100241,482789,2092,2,1,1959,8307,0.3914362174803586,0.5031222123104371,0.25,0.0,0.6044837855724685
H100242,575748,2788,5,1,2005,4278,0.4864951646830124,0.7100802854594113,1.0,0.0,0.27117802779616146
H100243,629863,1017,5,2,1961,4692,0.5418326245080064,0.18346714243235207,1.0,0.5,0.3054268696227664
H100244,319955,2608,3,2,1982,4671,0.2249237914775301,0.656556645851918,0.5,0.5,0.3036896095301125
H100245,449824,1852,5,1,2020,5826,0.3577265369272601,0.431757359500446,1.0,0.0,0.39923891462607547
H100246,428758,1350,2,3,1966,6119,0.33618465521843033,0.2824858757062147,0.25,1.0,0.4234778292521509
H100247,402000,1134,4,1,2010,6648,0.308822191021864,0.21825750817722273,0.75,0.0,0.4672402382528127
H100248,764818,1705,4,2,1959,9946,0.6798362628833562,0.3880463871543265,0.75,0.5,0.7400727994705493
H100249,560747,2260,4,3,1980,7442,0.4711552915455324,0.5530776092774309,0.75,1.0,0.5329252150893448
H100250,310867,1736,4,2,2009,4970,0.21563049322585232,0.3972643473089503,0.75,0.5,0.32842488418266047
H100251,637679,2555,3,2,2019,5993,0.549825188233261,0.6407969075230449,0.5,0.5,0.4130542686962277
H100252,818323,1074,5,3,1966,9009,0.7345499427860874,0.20041629497472493,1.0,1.0,0.6625579086697552
H100253,654869,1793,4,2,1999,7563,0.5674035109606314,0.4142134998513232,0.75,0.5,0.5429351422898743
H100254,272094,1173,1,2,1986,8983,0.17598160974078364,0.22985429675884628,0.0,0.5,0.6604070152217075
H100255,427364,1981,4,2,2011,5034,0.33475916470755457,0.4701159678858162,0.75,0.5,0.33371939113170085
H100256,690036,2243,5,2,2021,4576,0.6033649347740945,0.5480225988700564,1.0,0.5,0.2958305757776307
H100257,393849,1589,4,2,1978,4605,0.30048705963438316,0.3535533749628308,0.75,0.5,0.29822964923891465
H100258,566572,497,3,2,1981,5196,0.4771118785081229,0.028843294677371394,0.5,0.5,0.3471211118464593
H100259,616195,1899,2,2,1960,3873,0.5278558638891758,0.4457329765090693,0.25,0.5,0.2376737260092654
H100260,360960,2018,2,2,1955,6590,0.26685509592405837,0.48111804936068986,0.25,0.5,0.4624420913302449
H100261,491071,2002,5,2,1984,6624,0.39990530816262043,0.47636039250669043,1.0,0.5,0.46525479814692255
H100262,100000,2417,2,1,1982,8677,0.0,0.5997621171573,0.25,0.0,0.6350926538716082
H100263,346341,1264,2,1,1967,2479,0.25190585218051986,0.2569134701159679,0.25,0.0,0.12235274652547981
H100264,462114,2140,1,2,1986,4111,0.3702941684757989,0.5173951828724354,0.0,0.5,0.25736267372600924
H100265,312832,2396,5,1,1962,7611,0.21763988264756742,0.5935176925364258,1.0,0.0,0.5469060225016545
H100266,744861,910,5,3,2013,6366,0.6594284335250008,0.15165031222123104,1.0,1.0,0.4439113170086036
H100267,285478,1959,2,1,1950,6089,0.1896679547892493,0.46357418971156705,0.25,0.0,0.42099602911978823
H100268,433993,1547,2,2,2012,8527,0.34153791405948813,0.34106452572108237,0.25,0.5,0.6226836532097948
H100269,519611,1759,2,2,1983,3980,0.4290900278042231,0.4041034790365745,0.25,0.5,0.24652547981469225
H100270,716190,1973,3,1,1959,4542,0.6301097545886172,0.4677371394588165,0.5,0.0,0.293017868960953
H100271,284620,1556,4,2,1956,4306,0.18879057253793555,0.34374070770145704,0.75,0.5,0.27349437458636666
H100272,674474,1462,3,3,2005,1974,0.5874513886261401,0.3157894736842105,0.5,1.0,0.08057577763070814
H100273,501534,1817,5,3,1986,6265,0.41060466771448056,0.42134998513232236,1.0,1.0,0.43555592322964926
H100274,352773,1256,1,2,1978,4954,0.25848315129526367,0.25453464168896817,0.0,0.5,0.3271012574454004
H100275,569315,1257,4,3,1961,4534,0.4799168429782321,0.2548319952423431,0.75,1.0,0.29235605559232297
H100276,529858,2139,1,3,1966,4173,0.43956850790820007,0.5170978293190603,0.0,1.0,0.2624917273328921
H100277,409967,1225,5,1,1997,5964,0.3169691658426295,0.24531668153434433,1.0,0.0,0.41065519523494376
H100278,510470,2133,5,3,1975,4402,0.419742532280611,0.5153137079988106,1.0,1.0,0.2814361350099272
H100279,442202,2031,1,1,1961,6443,0.34993235566908576,0.48498364555456436,0.0,0.0,0.4502812706816678
H100280,517027,937,1,2,1970,6918,0.42644765514991684,0.15967885816235505,0.0,0.5,0.48957643944407675
H100281,599319,1461,1,1,1991,5410,0.5105986344332653,0.31549212013083555,0.0,0.0,0.36482461945731304
H100282,737902,2397,5,2,2010,5275,0.6523122294610235,0.5938150460898007,1.0,0.5,0.353656518861681
H100283,314327,1309,2,2,2007,6370,0.2191686547521293,0.27029438001784123,0.25,0.5,0.4442422236929186
H100284,819955,1567,1,2,2003,5942,0.7362188097256493,0.3470115967885816,0.0,0.5,0.40883520847121113
H100285,207186,2031,4,2,1983,8660,0.10960733565188581,0.48498364555456436,0.75,0.5,0.6336863004632693
H100286,477232,2191,5,2,1956,6636,0.385753684647549,0.5325602140945584,1.0,0.5,0.46624751819986765
H100287,588247,1674,3,1,1984,8191,0.4992765175491789,0.37882842699970265,0.5,0.0,0.5948874917273329
H100288,542148,1501,3,2,1964,7221,0.4521361394567388,0.32738626226583406,0.5,0.5,0.5146426207809398
H100289,406595,2511,4,3,2014,3363,0.3135209922395642,0.6277133511745465,0.75,1.0,0.19548312375909993
H100290,468781,2669,2,3,1974,4883,0.3771117762491193,0.6746952126077906,0.25,1.0,0.32122766379880874
H100291,426049,2289,1,2,2008,5903,0.33341445880956205,0.5617008623253048,0.0,0.5,0.40560886829913967
H100292,411595,1842,5,3,1955,7736,0.3186339424220454,0.4287838239666964,1.0,1.0,0.557246856386499
H100293,627440,1395,1,1,2001,9855,0.5393548888495759,0.295866785608088,0.0,0.0,0.7325446724023825
H100294,553552,1384,5,1,1970,5031,0.4637977562329419,0.2925958965209634,1.0,0.0,0.3334712111184646
H100295,396063,2061,3,2,2020,6110,0.3027510739751858,0.49390425215581324,0.5,0.5,0.4227332892124421
H100296,634939,2009,1,2,1981,7599,0.5470232915332612,0.4784418673803152,0.0,0.5,0.5459133024487095
H100297,546094,2500,4,2,2002,5884,0.456171279740753,0.6244424620874219,0.75,0.5,0.4040370615486433
H100298,621929,2125,2,3,2008,9288,0.5337193951584452,0.5129348795718108,0.25,1.0,0.685638649900728
H100299,594444,1048,4,3,2018,3304,0.5056135080053461,0.1926851025869759,0.75,1.0,0.19060225016545335
H100300,375650,2325,2,1,2011,7356,0.2818769435601881,0.5724055902468035,0.25,0.0,0.5258107213765718
H100301,415972,1300,1,3,1953,7336,0.3231098190117894,0.26761819803746656,0.0,1.0,0.5241561879549967
H100302,612094,1608,1,1,1967,8304,0.5236622221495048,0.3592030924769551,0.0,0.0,0.6042356055592323
H100303,591555,1925,2,3,2005,6124,0.5026592453899085,0.45346416889681834,0.25,1.0,0.4238914626075447
H100304,496864,2797,3,1,1973,7783,0.40582917224404313,0.7127564674397859,0.5,0.0,0.5611350099272006
H100305,517599,3354,5,2,2015,5501,0.42703257665079264,0.8783823966696402,1.0,0.5,0.37235274652547984
H100306,691649,2103,4,3,1962,4397,0.605014372502963,0.5063931013975617,0.75,1.0,0.2810225016545334
H100307,411264,1708,4,1,2011,4105,0.31829546511996515,0.38893844781445136,0.75,0.0,0.2568663136995367
H100308,582064,2067,4,3,2003,3117,0.49295384335352266,0.49568837347606304,0.75,1.0,0.175132362673726
H100309,469671,2243,1,2,1964,5117,0.3780218813816009,0.5480225988700564,0.0,0.5,0.34058570483123757
H100310,467347,1639,4,1,2018,6622,0.37564538213678367,0.3684210526315789,0.75,0.0,0.46508934480476505
H100311,664816,2697,5,3,1952,5583,0.5775752140536594,0.6830211121022897,1.0,1.0,0.3791363335539378
H100312,623812,1915,5,3,1986,6395,0.5356449321971676,0.4504906333630687,1.0,1.0,0.4463103904698875
H100313,622026,2048,2,2,1986,8469,0.5338185863919853,0.49003865596193874,0.25,0.5,0.617885506287227
H100314,695821,2132,1,2,1952,4965,0.6092806181352253,0.5150163544454356,0.0,0.5,0.32801125082726673
H100315,503150,2010,5,1,2012,10680,0.4122571732134585,0.47873922093369015,1.0,0.0,0.800794176042356
H100316,602292,2219,3,3,1984,7510,0.5136387946117685,0.5408861135890574,0.5,1.0,0.5385506287227002
H100317,453459,1491,1,3,2001,5606,0.36144365170992393,0.32441272673208443,0.0,1.0,0.3810390469887492
H100318,548624,1520,1,2,1977,5560,0.45875843253308846,0.33303597977995836,0.0,0.5,0.3772336201191264
H100319,480478,1249,5,2,1967,3983,0.3890730119060158,0.25245316681534347,1.0,0.5,0.24677365982792854
H100320,514549,2019,3,1,1985,5948,0.42391367703947913,0.4814154029140648,0.5,0.0,0.40933156849768365
H100321,589273,2189,2,3,1982,1676,0.500325694926624,0.5319655069878085,0.25,1.0,0.05592322964923892
H100322,377266,2028,5,3,2013,8511,0.28352944905916605,0.4840915848944395,1.0,1.0,0.6213600264725347
H100323,813858,2637,3,1,1975,1000,0.7299840782731317,0.6651798988997919,0.5,0.0,0.0
H100324,349097,1797,1,1,1997,6083,0.2547241103211035,0.41540291406482305,0.0,0.0,0.4204996690933157
H100325,317871,2134,3,2,1989,3712,0.22279271384147195,0.5156110615521855,0.5,0.5,0.2243547319655857
H100326,673716,1254,1,2,1966,4597,0.586676265378476,0.25393993458221825,0.0,0.5,0.29756783587028457
H100327,618749,1606,5,1,1989,4855,0.5304675588423872,0.3586083853702052,1.0,0.0,0.3189113170086036
H100328,593617,2147,5,1,1956,9851,0.5047678260451637,0.5194766577460601,1.0,0.0,0.7322137657180675
H100329,594251,2224,4,3,2006,3793,0.5054161481283024,0.5423728813559322,0.75,1.0,0.23105559232296494
H100330,498162,1653,4,1,1957,7828,0.4071564941114153,0.37258400237882844,0.75,0.0,0.5648577101257446
H100331,365411,1764,4,1,2005,8320,0.2714066441765031,0.4055902468034493,0.75,0.0,0.6055592322964924
H100332,511370,1041,5,3,1980,1323,0.4206628633134576,0.19060362771335118,1.0,1.0,0.02672071475843812
H100333,398425,1621,2,1,2008,4769,0.30516643164138996,0.36306868867082964,0.25,0.0,0.3117968232958306
H100334,646267,2245,5,2,2007,8968,0.5586071914666907,0.5486173059768065,1.0,0.5,0.6591661151555261
H100335,477941,2087,3,2,1961,3370,0.38647870098342485,0.5016354445435623,0.5,0.5,0.19606221045665123
H100336,376175,2050,5,3,1997,8396,0.2824138033293486,0.49063336306868865,1.0,1.0,0.6118464592984778
H100337,451792,1824,5,1,1980,5964,0.3597389941190847,0.42343146000594706,1.0,0.0,0.41065519523494376
H100338,561939,1803,1,2,2012,5877,0.47237421886903586,0.41718703538507285,0.0,0.5,0.40345797485109197
H100339,415441,1469,1,2,1988,6138,0.3225668237024099,0.31787094855783526,0.0,0.5,0.4250496360026473
H100340,376666,2149,1,2,1969,6685,0.2829158950372683,0.52007136485281,0.0,0.5,0.47030112508272665
H100341,536553,2010,5,2,1997,4088,0.44641474820254234,0.47873922093369015,1.0,0.5,0.2554599602911979
H100342,536744,2046,2,1,2020,5479,0.44661006289951316,0.4894439488551888,0.25,0.0,0.3705327597617472
H100343,423958,1536,3,1,2003,6741,0.3312762230432484,0.3377936366339578,0.5,0.0,0.474933818663137
H100344,429344,723,3,1,2020,6353,0.33678389297981715,0.096045197740113,0.5,0.0,0.44283587028457977
H100345,534807,2348,2,1,1978,6698,0.44462930599881995,0.5792447219744276,0.25,0.0,0.4713765718067505
H100346,282787,1560,2,2,2022,4562,0.18691616500103794,0.34493012191495687,0.25,0.5,0.2946724023825281
H100347,288880,1368,3,3,1997,7264,0.1931468060934095,0.28783823966696404,0.5,1.0,0.5181998676373263
H100348,392233,2146,4,3,2005,6252,0.2988345541354052,0.5191793041926851,0.75,1.0,0.43448047650562543
H100349,467982,1603,1,2,1966,2838,0.3762947268099588,0.3577163247100803,0.0,0.5,0.15205162144275314
H100350,546636,2329,1,2,1958,4937,0.4567255235405339,0.5735950044603033,0.0,0.5,0.32569490403706153
H100351,721303,2108,3,3,1983,4208,0.6353382574452224,0.5078798691644365,0.5,1.0,0.26538716082064856
H100352,628648,2141,2,3,1994,4183,0.5405901776136635,0.5176925364258103,0.25,1.0,0.2633189940436797
H100353,476009,1117,4,2,1958,5047,0.3845030570329141,0.21320249776984834,0.75,0.5,0.33479483785572467
H100354,497147,2405,3,2,1956,7226,0.4061185652243716,0.5961938745168005,0.5,0.5,0.5150562541363336
H100355,349620,1930,1,1,1965,4746,0.25525892491019103,0.45495093666369313,0.0,0.0,0.3098941098610192
H100356,497223,1615,5,1,1968,6450,0.4061962820671453,0.36128456735057984,1.0,0.0,0.45086035737921903
H100357,456701,1871,2,3,1955,6122,0.36475888860824474,0.4374070770145703,0.25,1.0,0.42372600926538717
H100358,548407,911,5,2,1960,4441,0.4585365304951688,0.151947665774606,1.0,0.5,0.28466247518199866
H100359,375915,2004,3,3,2010,5310,0.2821479299198596,0.4769550996134404,0.5,1.0,0.3565519523494375
H100360,577901,1285,1,1,1991,7729,0.4886968010315888,0.2631578947368421,0.0,0.0,0.5566677696889477
H100361,729910,1123,4,1,1962,6299,0.6441396898893456,0.2149866190900981,0.75,0.0,0.4383686300463269
H100362,483685,1038,5,3,1961,7097,0.39235245815305925,0.18971156705322628,1.0,1.0,0.5043845135671741
H100363,560256,2356,4,1,1969,8544,0.4706531998376127,0.5816235504014273,0.75,0.0,0.6240900066181337
H100364,603521,1485,1,2,1999,6869,0.5148955577666224,0.3226286054118347,0.0,0.5,0.48552283256121775
H100365,439816,2566,5,3,1985,2158,0.3474924558420058,0.6440677966101694,1.0,1.0,0.0957974851091992
H100366,533613,1532,4,2,2018,6541,0.44340833349524345,0.3366042224204579,0.75,0.5,0.45838848444738584
H100367,501888,946,4,2,1986,4763,0.4109666645874003,0.1623550401427297,0.75,0.5,0.31130046326935806
H100368,514651,1241,5,1,1961,9620,0.4240179812232017,0.25007433838834375,1.0,0.0,0.713103904698875
H100369,384048,2417,1,2,1989,6798,0.29046465468668353,0.5997621171573,0.0,0.5,0.4796492389146261
H100370,503676,1722,4,3,2003,4805,0.41279505557265556,0.39310139756170087,0.75,1.0,0.31477498345466576
H100371,574699,1525,3,2,1951,7133,0.48542246773472786,0.3345227475468332,0.5,0.5,0.5073626737260093
H100372,717671,1880,5,2,1999,6181,0.631624210432668,0.440083258994945,1.0,0.5,0.42860688285903376
H100373,643890,2050,2,2,1990,2564,0.5561764949499391,0.49063336306868865,0.25,0.5,0.12938451356717406
H100374,822977,2358,2,2,1994,7726,0.7393090768159409,0.5822182575081772,0.25,0.5,0.5564195896757115
H100375,384897,2524,1,2,1958,5188,0.2913328336276688,0.631578947368421,0.0,0.5,0.34645929847782925
H100376,630848,1620,3,1,2011,8841,0.5428398756939552,0.36277133511745463,0.5,0.0,0.6486598279285242
H100377,527501,1136,4,3,1996,5751,0.43715826319217843,0.21885221528397264,0.75,1.0,0.3930344142951688
H100378,828470,1593,2,1,1954,8878,0.7449261638864147,0.3547427891763307,0.25,0.0,0.6517207147584381
H100379,378755,1930,1,3,1950,6849,0.2850520856235089,0.45495093666369313,0.0,1.0,0.48386829913964263
H100380,374041,1318,3,3,1993,7948,0.28023159619146565,0.2729705619982159,0.5,1.0,0.5747849106551952
H100381,410091,1321,3,3,1971,5016,0.3170959670071551,0.27386262265834077,0.5,1.0,0.33223031105228323
H100382,181415,1971,1,3,1987,6706,0.08325416782134125,0.4671424323520666,0.0,1.0,0.47203838517538055
H100383,421136,1775,1,3,1968,2547,0.328390473960256,0.4088611358905739,0.0,1.0,0.1279781601588352
H100384,386130,1816,4,2,1980,5745,0.2925936871426687,0.42105263157894735,0.75,0.5,0.3925380542686962
H100385,522559,1420,1,1,2016,3030,0.432104623231814,0.3033006244424621,0.0,0.0,0.16793514228987425
H100386,551263,1684,4,1,1991,3714,0.46145704763940204,0.3818019625334523,0.75,0.0,0.2245201853077432
H100387,781425,1337,4,2,1975,4218,0.6968184156194492,0.2786202795123402,0.75,0.5,0.26621442753143615
H100388,642563,2245,5,3,1962,7320,0.5548195179715086,0.5486173059768065,1.0,1.0,0.5228325612177366
H100389,413464,2317,3,1,2007,5705,0.3205451632002569,0.5700267618198037,0.5,0.0,0.389228987425546
H100390,365237,876,3,2,1967,6062,0.27122871351015276,0.1415402914064823,0.5,0.5,0.4187624090006618
H100391,573787,1335,3,2,2016,5650,0.4844898656214433,0.2780255724055902,0.5,0.5,0.38467902051621444
H100392,301965,1051,5,1,1952,8161,0.2065273967209628,0.1935771632471008,1.0,0.0,0.5924056915949703
H100393,774718,1474,4,1,2004,6008,0.689959904244669,0.3193577163247101,0.75,0.0,0.414295168762409
H100394,676916,1758,4,3,2007,6497,0.5899485534952639,0.40380612548319955,0.75,1.0,0.4547485109199206
H100395,429623,1075,1,3,2012,4859,0.3370691955999996,0.20071364852809992,0.0,1.0,0.3192422236929186
H100396,243029,1339,5,1,2001,8298,0.1462600303300205,0.2792149866190901,1.0,0.0,0.6037392455327598
H100397,703080,1298,1,3,1973,8448,0.6167035992101515,0.26702349093071664,0.0,1.0,0.6161482461945731
H100398,482819,1903,5,2,2021,5926,0.3914668951814535,0.4469223907225691,1.0,0.5,0.407511581733951
H100399,685672,1834,1,3,1958,4831,0.598902351854825,0.4264049955396967,0.0,1.0,0.31692587690271345
H100400,260835,1439,2,3,1986,2768,0.1644682685198725,0.3089503419565864,0.25,1.0,0.14626075446724024
H100401,410093,1888,3,2,2002,4262,0.31709801218722805,0.4424620874219447,0.5,0.5,0.2698544010589014
H100402,500786,1526,3,3,1973,1665,0.4098397703671814,0.33482010110020816,0.5,1.0,0.0550132362673726
H100403,507047,1664,4,2,1970,4178,0.41624220658568434,0.375854891465953,0.75,0.5,0.2629053606882859
H100404,432490,2636,2,3,1989,6713,0.3400009612346343,0.6648825453464169,0.25,1.0,0.47261747187293185
H100405,593427,2470,3,1,2011,5899,0.5045735339382295,0.6155218554861731,0.5,0.0,0.4052779616148246
H100406,339856,1150,4,3,2019,10646,0.24527435579384177,0.22301516503122212,0.75,1.0,0.7979814692256784
H100407,478643,2214,2,1,2018,5257,0.3871965591890452,0.5393993458221826,0.25,0.0,0.3521674387822634
H100408,518044,2205,3,1,1963,5101,0.4274876292170335,0.536723163841808,0.5,0.0,0.3392620780939775
H100409,577165,1225,1,1,1991,8125,0.4879441747647276,0.24531668153434433,0.0,0.0,0.589427531436135
H100410,606742,2209,5,1,1999,2146,0.5181893202741769,0.5379125780553078,1.0,0.0,0.09480476505625414
H100411,331303,2568,2,1,2010,3036,0.23652814321168944,0.6446625037169195,0.25,0.0,0.1684315023163468
H100412,269882,1238,4,2,1953,7327,0.17371964058005399,0.24918227772821885,0.75,0.5,0.5234116479152879
H100413,691651,1341,2,2,2021,5609,0.6050164176830359,0.27980969372584,0.25,0.5,0.3812872270019854
H100414,549847,2308,4,2,1966,5655,0.46000906014772336,0.567350579839429,0.75,0.5,0.3850926538716082
H100415,387727,1935,2,1,2006,4125,0.29422676343095316,0.45643770443056797,0.25,0.0,0.25852084712111184
H100416,732672,2075,4,3,1997,6479,0.6469640835701481,0.49806720190306275,0.75,1.0,0.45325943084050296
H100417,517351,1970,3,2,1993,4383,0.4267789743217416,0.46684507879869164,0.5,0.5,0.27986432825943086
H100418,676894,1995,1,3,1994,6145,0.589926056514461,0.47427891763306573,0.0,1.0,0.4256287227001985
H100419,510127,1136,3,3,1982,3683,0.4193917838980928,0.21885221528397264,0.5,1.0,0.2219556585043018
H100420,809112,2323,1,1,1980,5635,0.7251308659599206,0.5718108831400536,0.0,0.0,0.3834381204500331
H100421,763301,2384,3,1,1996,10049,0.6782849937979915,0.5899494498959262,0.5,0.0,0.7485936465916612
H100422,462655,1685,3,1,1955,5150,0.3708473896855433,0.38209931608682723,0.5,0.0,0.3433156849768365
H100423,645735,1778,2,2,2021,5736,0.5580631735672746,0.4097531965506988,0.25,0.5,0.39179351422898745
H100424,596806,1034,5,1,2020,5594,0.5080288656715503,0.18852215283972643,1.0,0.0,0.3800463269358041
H100425,705294,2057,4,2,1983,6349,0.6189676135509541,0.4927148379423134,0.75,0.5,0.4425049636002647
H100426,355261,2086,4,2,2002,6936,0.2610273553060663,0.5013380909901873,0.75,0.5,0.49106551952349436
H100427,602907,1768,4,2,1963,6514,0.5142676874842138,0.4067796610169492,0.75,0.5,0.4561548643282594
H100428,658763,2362,1,2,1965,6558,0.5713854765627476,0.5834076717216771,0.0,0.5,0.45979483785572467
H100429,236189,1632,4,1,1992,5638,0.1392655144803862,0.3663395777579542,0.75,0.0,0.38368630046326935
H100430,322511,2082,4,2,2022,6200,0.2275375316108145,0.5001486767766875,0.75,0.5,0.4301786896095301
H100431,194115,1290,2,1,1961,5572,0.09624106128484347,0.26464466250371693,0.25,0.0,0.37822634017207146
H100432,459588,1788,3,1,2019,2375,0.36771110604360935,0.41272673208444843,0.5,0.0,0.11374917273328922
H100433,607631,1712,4,2,1968,11261,0.519098402816622,0.39012786202795124,0.75,0.5,0.8488583719391132
H100434,725353,1912,5,1,1990,7456,0.6394797470930321,0.4495985727029438,1.0,0.0,0.5340833884844474
H100435,511114,1615,4,3,2002,4041,0.42040108026411455,0.36128456735057984,0.75,1.0,0.25157180675049634
H100436,744292,1734,1,1,1978,6460,0.6588465797942344,0.3966696402022004,0.0,0.0,0.4516876240900066
H100437,292984,2213,1,1,2019,3307,0.19734351560319008,0.5391019922688076,0.0,0.0,0.1908504301786896
H100438,244492,1581,1,2,2008,5011,0.14775607955341447,0.3511745465358311,0.0,0.5,0.3318166776968895
H100439,491667,996,4,2,2013,3036,0.40051477182437223,0.17722271781147786,0.75,0.5,0.1684315023163468
H100440,557609,2674,2,1,1973,5897,0.4679464040110072,0.6761819803746655,0.25,0.0,0.4051125082726671
H100441,495095,2490,5,2,1965,2837,0.40402021046948133,0.6214689265536724,1.0,0.5,0.15196889477167438
H100442,189883,1153,4,3,2001,6776,0.09191346025039139,0.22390722569134702,0.75,1.0,0.47782925215089345
H100443,486631,2144,2,3,1955,7364,0.39536500840057714,0.5185845970859352,0.25,1.0,0.5264725347452018
H100444,304329,1548,2,2,1986,4346,0.2089447995672399,0.3413618792744573,0.25,0.5,0.27680344142951685
H100445,600450,1931,4,1,1953,6321,0.5117551837645425,0.4552482902170681,0.75,0.0,0.44018861681005955
H100446,554989,1947,4,3,1987,4240,0.465267218115387,0.4600059470710675,0.75,1.0,0.2680344142951688
H100447,359018,1682,2,3,1990,7023,0.2648692260731827,0.38120725542670236,0.25,1.0,0.49826273990734615
H100448,422919,1408,2,1,1963,4622,0.3302137519953288,0.29973238180196254,0.25,0.0,0.2996360026472535
H100449,341117,1454,2,2,2020,7577,0.24656384182986352,0.3134106452572108,0.25,0.5,0.5440933156849769
H100450,490598,1341,4,3,2000,2376,0.3994216230753577,0.27980969372584,0.75,1.0,0.11383189940436797
H100451,643271,1384,2,1,2014,3990,0.555543511717348,0.2925958965209634,0.25,0.0,0.2473527465254798
H100452,352141,1766,1,1,2001,3782,0.25783687439219805,0.4061849539101992,0.0,0.0,0.23014559894109862
H100453,575606,1442,4,3,1979,6406,0.48634995689782995,0.30984240261671125,0.75,1.0,0.4472203838517538
H100454,420461,2141,1,2,2006,7110,0.32770022568562107,0.5176925364258103,0.0,0.5,0.5054599602911979
H100455,381069,2543,3,3,1979,6561,0.28741835896796125,0.6372286648825454,0.5,1.0,0.46004301786896096
H100456,483945,1509,4,1,1991,4982,0.3926183315625483,0.3297650906928338,0.75,0.0,0.32941760423560557
H100457,344713,1919,3,3,1960,1000,0.250241075601104,0.45168004757656854,0.5,1.0,0.0
H100458,416952,2049,2,2,1976,6077,0.32411195724755576,0.4903360095153137,0.25,0.5,0.42000330906684313
H100459,320318,2036,2,1,1973,7576,0.22529499166077827,0.4864704133214392,0.25,0.0,0.5440105890138981
H100460,794708,1837,5,2,1988,11361,0.7104014790742288,0.4272970561998216,1.0,0.5,0.8571310390469887
H100461,505289,2171,2,3,2021,5151,0.41444449330152394,0.5266131430270592,0.25,1.0,0.3433984116479153
H100462,395041,2041,3,3,1967,4669,0.3017059869578867,0.487957181088314,0.5,1.0,0.303524156187955
H100463,532096,1181,2,2,1994,6640,0.44185706440987865,0.23223312518584596,0.25,0.5,0.46657842488418266
H100464,483150,2234,4,3,1961,5487,0.39180537248353375,0.5453464168896819,0.75,1.0,0.37119457313037724
H100465,466854,2243,2,2,1998,8550,0.37514124524879106,0.5480225988700564,0.25,0.5,0.6245863666446062
H100466,592125,1418,5,3,1980,4383,0.5032421217107114,0.30270591733571217,1.0,1.0,0.27986432825943086
H100467,613626,1818,2,2,1971,5502,0.525228830085417,0.4216473386856973,0.25,0.5,0.37243547319655856
H100468,420424,2141,3,2,1993,7752,0.3276623898542707,0.5176925364258103,0.5,0.5,0.5585704831237591
H100469,413627,1695,3,1,2013,6616,0.3207118453762058,0.38507285162057686,0.5,0.0,0.46459298477829253
H100470,458742,2336,2,1,1974,8322,0.36684599487273356,0.5756764793339281,0.25,0.0,0.6057246856386499
H100471,154711,2981,3,2,2000,5126,0.0559469234867457,0.767469521260779,0.5,0.5,0.3413302448709464
H100472,272721,1407,3,3,1956,8526,0.1766227736936668,0.2994350282485876,0.5,1.0,0.6226009265387161
H100473,705031,1109,5,3,1955,2672,0.6186986723713556,0.21082366934284866,1.0,1.0,0.13831899404367967
H100474,746745,1951,4,3,1973,2752,0.6613549931537597,0.46119536128456734,0.75,1.0,0.14493712772998016
H100475,462644,2160,5,2,1968,8558,0.37083614119514186,0.5233422539399346,1.0,0.5,0.6252481800132362
H100476,586483,1684,1,2,1958,6014,0.49747266872479956,0.3818019625334523,0.0,0.5,0.41479152878888154
H100477,546687,2526,5,2,1985,7841,0.45677767563239524,0.6321736544751709,1.0,0.5,0.5659331568497684
H100478,961832,1130,2,2,1989,6198,0.8813008163336261,0.21706809396372287,0.25,0.5,0.4300132362673726
H100479,667936,2146,4,1,1973,5985,0.5807656949675276,0.5191793041926851,0.75,0.0,0.4123924553275976
H100480,480812,1497,2,2,1997,3343,0.38941455697820554,0.32619684805233423,0.25,0.5,0.1938285903375248
H100481,356668,2659,1,3,2012,5946,0.26246613948741654,0.6717216770740411,0.0,1.0,0.40916611515552614
H100482,259033,2796,4,1,2018,8723,0.1626255612741063,0.7124591138864109,0.75,0.0,0.638898080741231
H100483,530519,1416,3,3,2002,6113,0.44024443992232404,0.30211121022896226,0.5,1.0,0.42298146922567836
H100484,386547,1525,5,2,2003,7364,0.2930201071878876,0.3345227475468332,1.0,0.5,0.5264725347452018
H100485,286661,2229,2,1,1991,7308,0.19087767880242434,0.543859649122807,0.25,0.0,0.5218398411647915
H100486,403014,1606,1,2,1994,3974,0.3098590973188712,0.3586083853702052,0.0,0.5,0.24602911978821973
H100487,337767,1777,3,1,1963,7714,0.24313816520760112,0.4094558429973238,0.5,0.0,0.5554268696227663
H100488,753071,1812,5,3,1978,5372,0.6678238977246349,0.4198632173654475,1.0,1.0,0.3616810059563203
H100489,632245,840,3,2,1955,5480,0.5442684339749404,0.13083556348498365,0.5,0.5,0.37061548643282594
H100490,498804,1793,5,2,1956,10195,0.40781299691484585,0.4142134998513232,1.0,0.5,0.7606717405691595
H100491,721991,1455,4,1,1986,7194,0.6360417993903318,0.3137079988105858,0.75,0.0,0.5124090006618134
H100492,511605,1553,3,1,2002,4722,0.4209031719720342,0.34284864704133217,0.5,0.0,0.30790866975512904
H100493,370807,2521,3,2,1967,6129,0.27692454001343686,0.6306868867082962,0.5,0.5,0.42430509596293847
H100494,728468,1171,3,1,1987,6073,0.642665115056718,0.22925958965209633,0.5,0.0,0.4196724023825281
H100495,580836,2206,4,2,2008,9372,0.4916981027887053,0.5370205173951829,0.75,0.5,0.6925876902713435
H100496,344413,1660,1,1,1950,6078,0.24993429859015512,0.3746654772524532,0.0,0.0,0.4200860357379219
H100497,471449,1660,5,3,2017,10415,0.3798400464664913,0.3746654772524532,1.0,1.0,0.7788716082064858
H100498,368657,2195,3,1,1993,3406,0.2747259714349699,0.5337496283080583,0.5,0.0,0.19904037061548643
H100499,292580,1970,4,3,1996,5935,0.19693038922844558,0.46684507879869164,0.75,1.0,0.40825612177365983
H100500,638926,2085,1,1,1984,4474,0.5511003580087718,0.5010407374368123,0.0,0.0,0.2873924553275976
H100501,786412,2284,5,1,2009,5010,0.701918072131456,0.56021409455843,1.0,0.0,0.3317339510258107
H100502,290214,1634,4,2,2001,5053,0.1945109412020955,0.36693428486470414,0.75,0.5,0.33529119788219724
H100503,584445,1493,5,1,1957,4577,0.49538863023042023,0.32500743383883435,1.0,0.0,0.29591330244870945
H100504,402403,1257,3,1,1990,9460,0.309234294806572,0.2548319952423431,0.5,0.0,0.699867637326274
H100505,426931,1387,1,3,1952,8845,0.3343163832217517,0.29348795718108833,0.0,1.0,0.6489907346128392
H100506,411140,3274,4,1,2018,6805,0.31816866395543963,0.8545941123996432,0.75,0.0,0.4802283256121774
H100507,370401,2422,1,2,1963,5051,0.27650936845861934,0.6012488849241748,0.0,0.5,0.3351257445400397
H100508,507278,1124,3,3,1975,4633,0.41647842488411496,0.2152839726434731,0.5,1.0,0.3005459960291198
H100509,375357,1138,1,2,2019,7483,0.2815773246794947,0.21944692239072258,0.0,0.5,0.5363170086035738
H100510,540568,2040,1,2,2007,6600,0.45052044719907475,0.487659827534939,0.0,0.5,0.4632693580410324
H100511,492464,2073,2,2,1989,5710,0.4013297760834597,0.49747249479631284,0.25,0.5,0.38964262078093975
H100512,464157,2074,1,2,2000,7082,0.37238331992036067,0.4977698483496878,0.0,0.5,0.5031436135009927
H100513,363865,1672,5,3,1954,7782,0.2698257199800799,0.37823371989295274,1.0,1.0,0.5610522832561218
H100514,413484,1737,4,1,1981,5691,0.3205656150009868,0.3975617008623253,0.75,0.0,0.3880708140304434
H100515,613308,1963,2,2,1950,4425,0.5249036464538112,0.4647636039250669,0.25,0.5,0.2833388484447386
H100516,575137,1842,4,3,2003,3357,0.4858703621707132,0.4287838239666964,0.75,1.0,0.1949867637326274
H100517,353366,690,4,2,1960,6501,0.25908954718690597,0.08623253047873922,0.75,0.5,0.4550794176042356
H100518,514899,1685,3,1,2002,10334,0.4242715835522528,0.38209931608682723,0.5,0.0,0.7721707478491066
H100519,612708,1374,3,3,1957,3778,0.5242900924319134,0.2896223609872138,0.5,1.0,0.22981469225678358
H100520,249589,1887,2,3,1974,8198,0.1529682209694358,0.44216473386856975,0.25,1.0,0.5954665784248842
H100521,581504,3292,3,1,1989,4648,0.4923811929330848,0.8599464763603925,0.5,0.0,0.3017868960953011
H100522,400606,1983,3,3,1981,5051,0.3073967005109882,0.47071067499256614,0.5,1.0,0.3351257445400397
H100523,585589,1643,3,1,1977,7829,0.4965584732321719,0.3696104668450788,0.5,0.0,0.5649404367968233
H100524,385511,2260,4,3,1952,5489,0.2919607039100775,0.5530776092774309,0.75,1.0,0.37136002647253474
H100525,229267,2041,2,3,2011,6496,0.13218714624775926,0.487957181088314,0.25,1.0,0.45466578424884185
H100526,255868,2010,4,1,1976,6458,0.1593890638085957,0.47873922093369015,0.75,0.0,0.4515221707478491
H100527,507212,2103,5,1,1994,4652,0.41641093394170625,0.5063931013975617,1.0,0.0,0.30211780277961614
H100528,538958,2828,4,3,1974,7790,0.4488740772403158,0.7219744275944098,0.75,1.0,0.5617140966247518
H100529,364352,1234,5,3,2010,5876,0.2703237213278536,0.247992863514719,1.0,1.0,0.40337524818001325
H100530,595788,2036,1,1,1993,3222,0.5069878690143971,0.4864704133214392,0.0,0.0,0.18381866313699538
H100531,250771,1336,1,1,1995,4215,0.15417692239257436,0.2783229259589652,0.0,0.0,0.26596624751819986
H100532,490088,2077,5,3,1963,1000,0.39890010215674465,0.49866190900981266,1.0,1.0,0.0
H100533,318347,1340,5,3,1957,6103,0.22327946669884416,0.27951234017246507,1.0,1.0,0.4221542025148908
H100534,402224,1591,4,3,1997,8608,0.3090512511900392,0.3541480820695807,0.75,1.0,0.6293845135671741
H100535,507109,1652,5,1,1963,3905,0.4163056071679471,0.3722866488254535,1.0,0.0,0.24032097948378559
H100536,370937,2287,2,3,2014,7171,0.2770574767181813,0.5611061552185549,0.25,1.0,0.510506287227002
H100537,442316,2259,1,2,1956,6861,0.35004893093324635,0.5527802557240559,0.0,0.5,0.48486101919258767
H100538,650943,1177,1,1,1998,4496,0.5633888224773471,0.2310437109723461,0.0,0.0,0.28921244209133024
H100539,413466,1827,5,3,2004,9073,0.32054720838032985,0.424323520666072,1.0,1.0,0.6678524156187955
H100540,625353,1445,3,1,1962,5454,0.5372207434434083,0.3107344632768362,0.5,0.0,0.3684645929847783
H100541,330543,1170,3,2,2022,10020,0.2357509747839523,0.22896223609872138,0.5,0.5,0.7461945731303772
H100542,579470,1691,5,1,2005,2728,0.49030124479885145,0.38388343740707703,1.0,0.0,0.14295168762409
H100543,716235,1645,2,3,2005,5461,0.6301557711402594,0.3702051739518287,0.25,1.0,0.3690436796823296
H100544,129253,3013,3,2,1964,5699,0.02991382633762446,0.7769848349687779,0.5,0.5,0.38873262739907344
H100545,380465,2016,5,2,2006,5918,0.2868007145859175,0.48052334225393994,1.0,0.5,0.406849768365321
H100546,586560,1111,2,3,2007,7432,0.49755140815760973,0.21141837644959857,0.25,1.0,0.5320979483785573
H100547,469543,1517,2,3,1984,12796,0.3778909898569294,0.3321439191198335,0.25,1.0,0.9758438120450033
H100548,555671,2310,4,3,1965,6910,0.4659646245202774,0.567945286946179,0.75,1.0,0.4889146260754467
H100549,409402,2844,2,1,1957,6048,0.31639140247200914,0.7267320844484092,0.25,0.0,0.41760423560555926
H100550,512988,1007,3,1,1994,3807,0.4223174139925085,0.18049360689860244,0.5,0.0,0.2322137657180675
H100551,476648,860,3,1,1989,2219,0.3851564920662352,0.1367826345524829,0.5,0.0,0.10084381204500331
H100552,675167,2735,5,3,2003,8340,0.5881600435214319,0.6943205471305383,1.0,1.0,0.6072137657180675
H100553,538163,1994,5,3,1963,4906,0.4480611181613013,0.4739815640796908,1.0,1.0,0.3231303772336201
H100554,550640,1365,2,1,2008,11208,0.46081997404666486,0.2869461790068391,0.25,0.0,0.8444738583719391
H100555,438218,2067,1,2,2002,7736,0.3458583569636848,0.49568837347606304,0.0,0.5,0.557246856386499
H100556,426859,482,4,1,1976,6683,0.334242756739124,0.024382991376746953,0.75,0.0,0.47013567174056914
H100557,435116,1801,1,2,1996,6788,0.3426862826704734,0.41659232827832293,0.0,0.5,0.47882197220383854
H100558,559167,1963,2,3,1955,6807,0.4695395992878683,0.4647636039250669,0.25,1.0,0.4803937789543349
H100559,436852,2262,2,3,2004,4610,0.3444614989738309,0.5536723163841808,0.25,1.0,0.2986432825943084
H100560,543466,1293,1,1,1993,2496,0.4534839131248409,0.2655367231638418,0.0,0.0,0.12375909993381866
H100561,811310,1842,4,1,1967,4898,0.7273785188601394,0.4287838239666964,0.75,0.0,0.32246856386499007
H100562,630668,1337,1,3,1965,5963,0.5426558094873858,0.2786202795123402,0.0,1.0,0.410572468563865
H100563,451096,1927,5,1,1961,4704,0.3590272714536833,0.45405887600356826,1.0,0.0,0.3064195896757114
H100564,680182,1352,3,3,1969,3427,0.5932883325544606,0.2830805828129646,0.5,1.0,0.2007776307081403
H100565,438788,1595,5,3,1994,4503,0.3464412332844876,0.3553374962830806,1.0,1.0,0.28979152878888154
H100566,194281,1302,3,2,2013,8071,0.09641081123090185,0.2682129051442165,0.5,0.5,0.5849602911978822
H100567,348787,2125,2,1,2008,7496,0.25440710740978967,0.5129348795718108,0.25,0.0,0.5373924553275976
H100568,219381,2229,4,3,1971,6342,0.12207782114695744,0.543859649122807,0.75,1.0,0.44192587690271345
H100569,447272,1682,1,1,1996,7174,0.3551168871541217,0.38120725542670236,0.0,0.0,0.5107544672402382
H100570,502762,1819,4,2,1978,3736,0.411860408279298,0.42194469223907227,0.75,0.5,0.22634017207147583
H100571,751465,1075,1,2,1994,4409,0.666181618126022,0.20071364852809992,0.0,0.5,0.2820152217074785
H100572,549039,1650,5,1,1958,6622,0.4591828073982344,0.3716919417187035,1.0,0.0,0.46508934480476505
H100573,467134,1774,5,1,1973,3990,0.37542757045901,0.4085637823371989,1.0,0.0,0.2473527465254798
H100574,624410,3110,1,3,1964,6216,0.5362564410389924,0.8058281296461492,0.0,1.0,0.4315023163467902
H100575,168329,1244,4,2,1985,3474,0.06987255460375147,0.2509663990484686,0.75,0.5,0.20466578424884183
H100576,535342,2532,1,2,1962,2700,0.44517639166834544,0.6339577757954208,0.0,0.5,0.14063534083388485
H100577,615629,2298,2,2,1993,7472,0.5272770779285189,0.5643770443056795,0.25,0.5,0.5354070152217075
H100578,278212,1940,5,1,2020,8054,0.18223781558406763,0.45792447219744276,1.0,0.0,0.5835539377895433
H100579,671563,2679,2,3,2021,4738,0.5844746290298996,0.6776687481415403,0.25,1.0,0.30923229649238915
H100580,550774,1986,5,1,1985,2959,0.46095700111155535,0.47160273565269106,1.0,0.0,0.1620615486432826
H100581,437706,1994,5,1,2010,1583,0.3453347908649987,0.4739815640796908,1.0,0.0,0.048229649238914624
H100582,594917,1773,3,1,1989,9684,0.5060971930926088,0.40826642878382396,0.5,0.0,0.7183984116479153
H100583,840603,2411,2,3,1976,6222,0.7573332487992237,0.5979779958370502,0.25,1.0,0.4319986763732627
H100584,527279,2348,2,1,1950,4784,0.43693124820407625,0.5792447219744276,0.25,0.0,0.3130377233620119
H100585,537233,1487,3,2,1983,5272,0.4471101094273598,0.3232233125185846,0.5,0.5,0.35340833884844475
H100586,431095,1140,4,2,2017,2173,0.33857444813372206,0.2200416294974725,0.75,0.5,0.09703838517538055
H100587,372523,1698,2,2,1970,7239,0.2786793045160644,0.38596491228070173,0.25,0.5,0.5161317008603574
H100588,624550,1399,1,3,1982,10000,0.5363996036441019,0.2970561998215879,0.0,1.0,0.7445400397088021
H100589,371587,1768,3,1,1956,4434,0.2777221602419039,0.4067796610169492,0.5,0.0,0.28408338848444736
H100590,510734,2418,2,3,2014,10766,0.420012496050246,0.600059470710675,0.25,1.0,0.8079086697551291
H100591,428351,1571,4,1,1952,5767,0.3357684610735764,0.34820101100208145,0.75,0.0,0.39435804103242883
H100592,571846,1778,2,2,2000,9333,0.4825050183606041,0.4097531965506988,0.25,0.5,0.689361350099272
H100593,550049,1829,5,1,2003,6614,0.4602156233350956,0.4249182277728219,1.0,0.0,0.464427531436135
H100594,655630,2224,1,1,2008,6612,0.5681817019784049,0.5423728813559322,0.0,0.0,0.4642620780939775
H100595,423497,676,3,1,1955,9687,0.3308048090364236,0.08206958073148975,0.5,0.0,0.7186465916611515
H100596,459518,1496,5,3,1978,7565,0.36763952474105466,0.3258994944989593,1.0,1.0,0.5431005956320317
H100597,353185,1905,4,1,1966,6749,0.25890445839030013,0.44751709782931903,0.75,0.0,0.475595632031767
H100598,433356,2400,5,1,2009,2117,0.34088652420624005,0.5947071067499257,1.0,0.0,0.09240569159497022
H100599,556595,1554,5,1,1971,2985,0.466909497714,0.3431460005947071,1.0,0.0,0.16421244209133024
H100600,613548,861,4,3,1973,6917,0.5251490680625702,0.13707998810585786,0.75,1.0,0.489493712772998
H100601,361675,2109,5,3,2000,8935,0.26758624780015317,0.5081772227178115,1.0,1.0,0.6564361350099271
H100602,630440,1482,3,3,1999,6256,0.5424226589590647,0.32173654475170976,0.5,1.0,0.43481138318994045
H100603,703345,1205,2,1,1960,4817,0.616974585569823,0.23936961046684507,0.25,0.0,0.31576770350761085
H100604,562015,1487,5,2,2005,2321,0.4724519357118096,0.3232233125185846,1.0,0.5,0.1092819324950364
H100605,781519,1707,3,2,2020,4432,0.6969145390828799,0.3886410942610764,0.5,0.5,0.28391793514228986
H100606,383931,1497,2,2,1991,6261,0.29034501165241344,0.32619684805233423,0.25,0.5,0.43522501654533424
H100607,313301,697,2,1,1988,4287,0.21811947737468415,0.08831400535236396,0.25,0.0,0.27192256783587027
H100608,233191,2248,5,2,2018,4071,0.13619978955097048,0.5495093666369313,1.0,0.5,0.25405360688285905
H100609,724406,2437,3,2,1997,5897,0.6385113543284703,0.6057091882247992,0.5,0.5,0.4051125082726671
H100610,598154,2125,5,2,2006,8896,0.5094073170407472,0.5129348795718108,1.0,0.5,0.6532097948378557
H100611,491662,1231,4,1,1970,7369,0.4005096588741897,0.24710080285459413,0.75,0.0,0.5268861681005956
H100612,541995,1699,2,2,1969,6571,0.4519796831811549,0.3862622658340767,0.25,0.5,0.4608702845797485
H100613,331176,1796,5,2,1964,6376,0.2363982742770544,0.4151055605114481,1.0,0.5,0.4447385837193911
H100614,866862,2099,2,1,2018,7102,0.7841854405675783,0.5052036871840618,0.25,0.0,0.5047981469225679
H100615,519383,2134,3,3,2000,5779,0.42885687727590194,0.5156110615521855,0.5,1.0,0.3953507610853739
H100616,516409,1432,1,2,2011,5177,0.4258156945073621,0.3068688670829616,0.0,0.5,0.34554930509596293
H100617,608864,1840,5,3,1986,7476,0.5203592563316218,0.4281891168599465,1.0,1.0,0.5357379219060225
H100618,572151,2028,5,2,1955,5549,0.48281690832173546,0.4840915848944395,1.0,0.5,0.3763236267372601
H100619,533582,2527,2,1,2020,3622,0.443376633204112,0.632471008028546,0.25,0.0,0.21690933156849768
H100620,381428,2152,3,3,1975,8886,0.28778546879106337,0.5209634255129348,0.5,1.0,0.6523825281270682
H100621,570720,2194,4,3,1957,2260,0.48135358197950934,0.5334522747546833,0.75,1.0,0.1042356055592323
H100622,782303,1841,3,3,2022,9036,0.6977162496714929,0.42848647041332144,0.5,1.0,0.6647915287888815
H100623,701813,2505,5,3,1953,7012,0.6154079776339108,0.6259292298542968,1.0,1.0,0.49735274652547984
H100624,738977,2004,4,2,1970,4061,0.653411513750257,0.4769550996134404,0.75,0.5,0.25322634017207146
H100625,423317,1369,3,2,1980,6048,0.3306207428298543,0.288135593220339,0.5,0.5,0.41760423560555926
H100626,351559,2501,1,3,1970,5142,0.2572417269909572,0.624739815640797,0.0,1.0,0.3426538716082065
H100627,481131,2148,2,2,1974,7615,0.38974076319984785,0.519774011299435,0.25,0.5,0.5472369291859696
H100628,508358,1578,3,3,1964,7575,0.41758282212353093,0.3502824858757062,0.5,1.0,0.5439278623428193
H100629,664128,1560,3,3,1984,6922,0.57687167210855,0.34493012191495687,0.5,1.0,0.4899073461283918
H100630,246130,1948,1,1,1998,7492,0.14943108203319533,0.46030330062444247,0.0,0.0,0.5370615486432826
H100631,729432,2031,5,3,1992,5770,0.6436508918519003,0.48498364555456436,1.0,1.0,0.3946062210456651
H100632,476298,1898,2,2,1990,9523,0.3847985855534615,0.44543562295569433,0.25,0.5,0.7050794176042356
H100633,435967,1955,3,3,1986,8447,0.3435565067915317,0.4623847754980672,0.5,1.0,0.6160655195234944
H100634,348184,2649,4,1,2006,5045,0.25379048561778245,0.6687481415402914,0.75,0.0,0.33462938451356716
H100635,251771,2335,3,2,1991,7621,0.1551995124290706,0.5753791257805531,0.5,0.5,0.5477332892124421
H100636,623475,1895,2,1,1996,7447,0.5353003193548684,0.4445435622955694,0.25,0.0,0.5333388484447386
H100637,510997,2270,3,1,2010,5480,0.4202814372298445,0.5560511448111805,0.5,0.0,0.37061548643282594
H100638,306505,1283,1,3,1963,5323,0.2111699554866557,0.2625631876300922,0.0,1.0,0.3576273990734613
H100639,305738,1998,3,1,2017,8429,0.2103856289286631,0.4751709782931906,0.5,0.0,0.6145764394440768
H100640,449632,2704,3,1,2002,5970,0.35753019964025284,0.6851025869759143,0.5,0.0,0.4111515552614163
H100641,750353,1690,4,2,1983,6520,0.6650444980054381,0.3835860838537021,0.75,0.5,0.456651224354732
H100642,461061,1376,1,1,1973,8802,0.36921738116736835,0.29021706809396375,0.0,0.0,0.6454334877564527
H100643,274528,1473,1,3,1969,11066,0.1784705938896155,0.3190603627713351,0.0,1.0,0.8327266710787558
H100644,463138,1255,3,3,2018,4946,0.371341300673171,0.2542372881355932,0.5,1.0,0.32643944407677034
H100645,459091,1407,4,3,1979,5558,0.36720287879547076,0.2994350282485876,0.75,1.0,0.3770681667769689
H100646,100000,1614,3,1,1956,6148,0.0,0.3609872137972049,0.5,0.0,0.4258769027134348
H100647,491855,1097,3,2,1985,6193,0.4007070187512335,0.2072554267023491,0.5,0.5,0.4295996029119788
H100648,465359,1807,2,3,1987,6752,0.3736124731442292,0.41837644959857273,0.25,1.0,0.4758438120450033
H100649,604430,2251,2,1,2001,5019,0.5158250921097975,0.5504014272970562,0.25,0.0,0.3324784910655195
H100650,777343,1346,4,3,1964,3467,0.6926442030904716,0.2812964614927148,0.75,1.0,0.20408669755129052
H100651,668984,2559,5,3,1995,9507,0.5818373693257757,0.6419863217365448,1.0,1.0,0.7037557908669755
H100652,459666,2055,2,2,1972,7224,0.36779086806645606,0.4921201308355635,0.25,0.5,0.514890800794176
H100653,334021,2315,5,3,1961,5162,0.2393075429308862,0.5694320547130538,1.0,1.0,0.3443084050297816
H100654,886003,1471,1,2,1993,6874,0.8037588364561529,0.3184656556645852,0.0,0.5,0.4859364659166115
H100655,508882,2227,2,1,1964,9665,0.41811865930265496,0.5432649420160571,0.25,0.0,0.7168266048974189
H100656,502089,1254,2,3,1998,4423,0.411172205184736,0.25393993458221825,0.25,1.0,0.28317339510258105
H100657,496381,2245,4,1,1970,6422,0.40533526125641545,0.5486173059768065,0.75,0.0,0.4485440105890139
H100658,529712,1885,5,1,1964,3220,0.4394192097628716,0.4415700267618198,1.0,0.0,0.18365320979483785
H100659,478345,2076,2,1,1963,5763,0.3868918273581693,0.4983645554564377,0.25,0.0,0.3940271343481138
H100660,413950,1212,2,3,1991,7233,0.321042141957994,0.24145108534046983,0.25,1.0,0.5156353408338848
H100661,417971,1352,4,2,1964,3770,0.3251539764947454,0.2830805828129646,0.75,0.5,0.22915287888815353
H100662,495087,2098,4,3,2012,5625,0.4040120297491893,0.5049063336306869,0.75,1.0,0.3826108537392455
H100663,418486,1325,5,1,2017,7599,0.32568061036354096,0.2750520368718406,1.0,0.0,0.5459133024487095
H100664,393073,2031,1,2,1976,7178,0.29969352976606206,0.48498364555456436,0.0,0.5,0.5110853739245532
H100665,515964,1116,1,1,2002,3684,0.42536064194112133,0.21290514421647339,0.0,0.0,0.22203838517538055
H100666,461753,2224,3,2,2001,6747,0.36992501347262374,0.5423728813559322,0.5,0.5,0.4754301786896095
H100667,725598,1183,2,3,2012,7117,0.6397302816519738,0.2328278322925959,0.25,1.0,0.5060390469887491
H100668,102354,2076,5,2,2022,6215,0.002407176945912145,0.4983645554564377,1.0,0.5,0.4314195896757114
H100669,663726,2112,2,3,2002,8178,0.5764605909138785,0.5090692833779363,0.25,1.0,0.5938120450033091
H100670,686912,1451,5,1,2006,4821,0.6001703635000802,0.3125185845970859,1.0,0.0,0.31609861019192587
H100671,188991,2091,5,2,2001,6824,0.09100130993783676,0.5028248587570622,1.0,0.5,0.4818001323626737
H100672,448596,1930,5,1,1992,3669,0.3564707963624427,0.45495093666369313,1.0,0.0,0.2207974851091992
H100673,444283,1530,2,2,1956,2798,0.35206036553503445,0.336009515313708,0.25,0.5,0.14874255459960292
H100674,288873,1295,4,3,1991,7562,0.19313964796315403,0.2661314302705917,0.75,1.0,0.5428524156187955
H100675,383327,818,2,2,1953,6041,0.28972736727036974,0.12429378531073447,0.25,0.5,0.41702514890800796
H100676,333413,1974,5,2,2018,5073,0.2386858081886965,0.4680344930121915,1.0,0.5,0.3369457313037723
H100677,762840,1017,3,3,1954,3869,0.6778135797911666,0.18346714243235207,0.5,1.0,0.23734281932495035
H100678,640351,1847,1,3,1990,7654,0.5525575488107789,0.43027059173357124,0.0,1.0,0.550463269358041
H100679,690733,1668,5,3,1953,2983,0.6040776800295324,0.37704430567945285,1.0,1.0,0.16404698874917273
H100680,608250,2139,3,2,1951,7985,0.5197313860492132,0.5170978293190603,0.5,0.5,0.5778457974851092
H100681,330642,1648,4,1,2016,6901,0.23585221119756541,0.3710972346119536,0.75,0.0,0.4881700860357379
H100682,421321,1635,5,2,1970,3084,0.3285796531170078,0.3672316384180791,1.0,0.5,0.17240238252812706
H100683,573406,2165,3,2,2019,6251,0.48410025881753826,0.5248290217068095,0.5,0.5,0.43439774983454665
H100684,316680,1967,5,1,1992,11307,0.22157480910800495,0.46595301813856677,1.0,0.0,0.8526637988087359
H100685,606949,1958,2,3,2018,8378,0.5184009964117315,0.4632768361581921,0.25,1.0,0.6103573792190602
H100686,463951,2034,3,2,1958,4343,0.37217266637284246,0.4858757062146893,0.5,0.5,0.2765552614162806
H100687,443776,1032,2,1,1977,7433,0.3515419123865309,0.1879274457329765,0.25,0.0,0.532180675049636
H100688,606643,2178,2,3,1975,3168,0.5180880838605637,0.528694617900684,0.25,1.0,0.17935142289874256
H100689,566639,2106,3,3,1952,3257,0.47718039204056817,0.5072851620576866,0.5,1.0,0.18671409662475183
H100690,445855,1291,1,2,2022,5865,0.35366787707240654,0.2649420160570919,0.0,0.5,0.40246525479814693
H100691,673899,1677,3,3,1998,7103,0.5868633993551547,0.3797204876598275,0.5,1.0,0.5048808735936466
H100692,337840,1780,1,3,1966,7622,0.24321281428026534,0.4103479036574487,0.0,1.0,0.5478160158835208
H100693,592390,1732,5,1,2012,7650,0.5035131080703829,0.3960749330954505,1.0,0.0,0.550132362673726
H100694,588965,1966,5,1,2004,6989,0.5000107371953832,0.4656556645851918,1.0,0.0,0.49545003309066843
H100695,453568,2515,3,3,1972,2772,0.361555114023902,0.6289027653880463,0.5,1.0,0.14659166115155525
H100696,548919,2340,5,1,1983,5878,0.4590600965938548,0.5768658935474279,1.0,0.0,0.40354070152217075
H100697,312332,1143,4,3,2018,7937,0.2171285876293193,0.2209336901575974,0.75,1.0,0.573874917273329
H100698,638604,2111,2,2,1964,6886,0.55077108401702,0.5087719298245614,0.25,0.5,0.4869291859695566
H100699,472264,2464,2,1,1996,6364,0.3806734573462357,0.6137377341659233,0.25,0.0,0.4437458636664461
H100700,421591,1993,1,3,1952,6658,0.3288557524268618,0.47368421052631576,0.0,1.0,0.4680675049636003
H100701,657351,2345,5,3,1977,6625,0.5699415794312149,0.5783526613143027,1.0,1.0,0.46533752481800134
H100702,394348,2806,1,1,1952,2070,0.30099733206259477,0.7154326494201606,0.0,0.0,0.0885175380542687
H100703,288730,2311,2,1,1953,8309,0.19299341758793506,0.568242640499554,0.25,0.0,0.6046492389146261
H100704,266505,1924,2,2,1980,5778,0.17026635402680618,0.45316681534344333,0.25,0.5,0.39526803441429514
H100705,590901,2322,5,3,1994,7415,0.5019904715060399,0.5715135295866786,1.0,1.0,0.5306915949702184
H100706,307935,1872,4,2,2008,1388,0.21263225923884532,0.4377044305679453,0.75,0.5,0.03209794837855725
H100707,763219,1811,4,2,1994,9321,0.6782011414149988,0.41956586381207256,0.75,0.5,0.688368630046327
H100708,187710,1624,5,2,1986,3687,0.08969137210108508,0.3639607493309545,1.0,0.5,0.2222865651886168
H100709,754468,2581,5,1,2014,11082,0.6692524560056201,0.648528099910794,1.0,0.0,0.8340502978160159
H100710,531652,1390,1,2,1958,10238,0.4414030344336743,0.2943800178412132,0.0,0.5,0.764228987425546
H100711,485493,2566,5,1,1966,3350,0.39420130093904443,0.6440677966101694,1.0,0.0,0.1944076770350761
H100712,418262,2049,4,1,2014,7634,0.3254515501953658,0.4903360095153137,0.75,0.0,0.548808735936466
H100713,559870,1100,5,2,1952,3965,0.47025848008352517,0.208147487362474,1.0,0.5,0.24528457974851092
H100714,494354,1983,1,2,1975,4721,0.4032624712524376,0.47071067499256614,0.0,0.5,0.3078259430840503
H100715,665495,749,1,3,2002,4766,0.5782695526884404,0.10377639012786202,0.0,1.0,0.3115486432825943
H100716,517134,2112,1,2,1980,6895,0.4265570722838219,0.5090692833779363,0.0,0.5,0.4876737260092654
H100717,522545,2242,1,3,1975,6649,0.4320903069713031,0.5477252453166815,0.0,1.0,0.46732296492389147
H100718,445458,1503,3,2,1972,3596,0.3532619088279175,0.327980969372584,0.5,0.5,0.21475843812045003
H100719,491458,1861,5,2,1979,6879,0.40030105050674447,0.4344335414808207,1.0,0.5,0.4863500992720053
H100720,546170,2777,2,2,1959,5591,0.4562489965835267,0.7068093963722867,0.25,0.5,0.37979814692256786
H100721,243474,1547,5,2,2021,2358,0.1467150828962613,0.34106452572108237,1.0,0.5,0.11234281932495037
H100722,297772,1270,3,3,2013,5131,0.20223967669793405,0.2586975914362177,0.5,1.0,0.34174387822634017
H100723,611489,2540,1,3,1971,9320,0.5230435551774245,0.6363366042224204,0.0,1.0,0.6882859033752482
H100724,525629,2781,3,2,1964,5199,0.43524397464385745,0.7079988105857865,0.5,0.5,0.34736929185969556
H100725,472402,1801,4,2,2005,2328,0.3808145747712722,0.41659232827832293,0.75,0.5,0.10986101919258769
H100726,502765,2305,4,3,1969,7628,0.4118634760494075,0.5664585191793042,0.75,1.0,0.5483123759099934
H100727,552137,2470,5,1,1996,4144,0.46235079133129975,0.6155218554861731,1.0,0.0,0.2600926538716082
H100728,419036,1428,5,1,2002,6428,0.3262430348836139,0.3056794528694618,1.0,0.0,0.4490403706154864
H100729,383254,1557,2,1,2002,5656,0.2896527181977055,0.344038061254832,0.25,0.0,0.38517538054268696
H100730,529376,2415,2,3,1950,9523,0.43907561951060886,0.5991674100505501,0.25,1.0,0.7050794176042356
H100731,353244,2642,4,3,1951,5657,0.2589647912024534,0.6666666666666666,0.75,1.0,0.38525810721376574
H100732,561237,2081,1,1,2007,3710,0.4716563606634155,0.4998513232233125,0.0,0.0,0.2241892786234282
H100733,244612,1360,3,1,1968,5062,0.14787879035779403,0.2854594112399643,0.5,0.0,0.336035737921906
H100734,654373,2793,2,2,2011,3542,0.5668963063025292,0.7115670532262861,0.25,0.5,0.21029119788219722
H100735,570889,1534,2,3,2021,5581,0.48152639969567723,0.33719892952720787,0.25,1.0,0.37897088021178027
H100736,538404,1632,1,3,1961,9539,0.4483075623600969,0.3663395777579542,0.0,1.0,0.7064030443414957
H100737,647403,1971,1,1,1975,8496,0.5597688537481504,0.4671424323520666,0.0,0.0,0.6201191264063534
H100738,749821,2577,5,1,1976,10082,0.6645004801060221,0.6473386856972941,1.0,0.0,0.75132362673726
H100739,652155,2226,3,3,1978,6958,0.5646282016015806,0.5429675884626821,0.5,1.0,0.492885506287227
H100740,223868,2007,1,2,1964,6286,0.12666618264071605,0.4778471602735653,0.0,0.5,0.4372931833223031
H100741,308063,2031,2,1,1995,4003,0.21276315076351685,0.48498364555456436,0.25,0.0,0.24842819324950363
H100742,406277,1821,2,3,1950,6539,0.3131958086079584,0.4225393993458222,0.25,1.0,0.45822303110522833
H100743,503913,2079,4,3,2009,5739,0.4130374094113051,0.4992566161165626,0.75,1.0,0.3920416942422237
H100744,577648,535,1,2,2006,7557,0.48843808575235526,0.04014272970561998,0.0,0.5,0.5424387822634017
H100745,391138,1651,5,2,1952,3755,0.29771481804544186,0.3719892952720785,1.0,0.5,0.2279119788219722
H100746,528015,1920,3,1,1967,6105,0.4376838744709375,0.4519774011299435,0.5,0.0,0.42231965585704834
H100747,386692,1224,5,1,2001,2853,0.2931683827431796,0.24501932798096937,1.0,0.0,0.1532925215089345
H100748,408272,1993,2,1,2009,6675,0.3152358757307684,0.47368421052631576,0.25,0.0,0.4694738583719391
H100749,289000,1697,5,3,1983,7351,0.19326951689778907,0.3856675587273268,1.0,1.0,0.525397088021178
H100750,361515,2677,2,1,2009,2756,0.26742263339431377,0.6770740410347904,0.25,0.0,0.14526803441429517
H100751,297247,2586,2,3,1975,3320,0.20170281692877354,0.6500148676776687,0.25,1.0,0.19192587690271343
H100752,353619,1567,2,1,2021,3408,0.2593482624661395,0.3470115967885816,0.25,0.0,0.19920582395764394
H100753,658046,1724,2,2,1968,5644,0.5706522795065798,0.3936961046684508,0.25,0.5,0.38418266048974187
H100754,357590,1763,2,2,1971,3205,0.26340896750106607,0.40529289325007434,0.25,0.5,0.18241230972865652
H100755,894857,1574,4,3,1982,8756,0.8128128486392906,0.3490930716622064,0.75,1.0,0.6416280608868299
H100756,573997,1897,5,2,1987,6872,0.4847046095291075,0.4451382694023194,1.0,0.5,0.485771012574454
H100757,527725,1420,4,3,1984,7198,0.4373873233603536,0.3033006244424621,0.75,1.0,0.5127399073461284
H100758,371246,1234,4,3,2016,2821,0.2773734570394587,0.247992863514719,0.75,1.0,0.1506452680344143
H100759,605046,2111,1,2,1959,8586,0.5164550075722792,0.5087719298245614,0.0,0.5,0.6275645268034414
H100760,413654,2114,1,3,1964,7299,0.32073945530719117,0.5096639904846862,0.0,1.0,0.5210953011250827
H100761,518301,1397,1,2,1960,4635,0.427750434856413,0.29646149271483796,0.0,0.5,0.3007114493712773
H100762,884012,2247,3,1,1973,2916,0.8017228596934889,0.5492120130835564,0.5,0.0,0.1585043017868961
H100763,485591,1484,1,1,1953,5847,0.39430151476262104,0.32233125185845973,0.0,0.0,0.4009761747187293
H100764,672390,1926,5,2,1962,5067,0.5853203109900819,0.4537615224501933,1.0,0.5,0.3364493712772998
H100765,394523,2210,4,2,2022,5150,0.3011762853189816,0.5382099316086827,0.75,0.5,0.3433156849768365
H100766,494751,1783,5,2,2006,4589,0.4036684394969266,0.4112399643175736,1.0,0.5,0.29690602250165454
H100767,765620,2027,1,2,1986,7442,0.6806563800926262,0.48379423134106453,0.0,0.5,0.5329252150893448
H100768,405954,1541,3,1,1997,1000,0.31286551202617013,0.33928040440083257,0.5,0.0,0.0
H100769,771867,1701,3,3,2020,8859,0.6870445000506182,0.38685697294082666,0.5,1.0,0.6501489080079418
H100770,606162,1697,4,3,1950,7996,0.517596218053009,0.3856675587273268,0.75,1.0,0.5787557908669755
H100771,415629,1426,5,1,2009,6421,0.3227590706292712,0.3050847457627119,1.0,0.0,0.44846128391793516
H100772,594861,1711,2,3,1961,5711,0.5060399280505651,0.3898305084745763,0.25,1.0,0.38972534745201853
H100773,645883,1025,5,1,1970,8166,0.5582145168926761,0.18584597085935176,1.0,0.0,0.592819324950364
H100774,593271,1554,1,3,1960,5915,0.504414009892536,0.3431460005947071,0.0,1.0,0.4066015883520847
H100775,264466,1657,2,2,1993,5443,0.16818129294239034,0.37377341659232827,0.25,0.5,0.367554599602912
H100776,390929,1671,3,2,2007,8277,0.29750109672781416,0.3779363663395778,0.5,0.5,0.6020019854401059
H100777,462872,1679,4,2,1993,10186,0.37106929172346304,0.38031519476657744,0.75,0.5,0.7599272005294507
H100778,488834,1769,4,1,1983,4057,0.3976177742509784,0.40707701457032414,0.75,0.0,0.25289543348775645
H100779,593100,2039,3,1,1974,6849,0.5042391469962951,0.48736247398156407,0.5,0.0,0.48386829913964263
H100780,526655,2237,1,3,1953,3827,0.4362931520213026,0.5462384775498067,0.0,1.0,0.23386829913964263
H100781,299698,1475,3,3,2013,7003,0.2042091851082258,0.31965506987808506,0.5,1.0,0.49660820648577103
H100782,557029,1198,1,3,1965,4443,0.46735330178983936,0.23728813559322035,0.0,1.0,0.28482792852415617
H100783,591587,1278,2,1,1959,8423,0.5026919682710763,0.2610764198632174,0.25,0.0,0.6140800794176042
H100784,583968,1556,3,3,2015,5799,0.4949008547830115,0.34374070770145704,0.5,1.0,0.39700529450694905
H100785,662117,1624,1,2,1984,6092,0.574815243545156,0.3639607493309545,0.0,0.5,0.42124420913302446
H100786,625088,1415,2,3,1955,9262,0.5369497570837368,0.3018138566755873,0.25,1.0,0.6834877564526803
H100787,568877,1151,3,2,1968,4533,0.47946894854224675,0.22331251858459708,0.5,0.5,0.2922733289212442
H100788,489475,1571,4,1,2008,7369,0.39827325446437245,0.34820101100208145,0.75,0.0,0.5268861681005956
H100789,250855,1890,3,2,2002,4733,0.15426281995564003,0.4430567945286946,0.5,0.5,0.30881866313699535
H100790,564442,2097,5,2,1957,8392,0.474933761730386,0.5046089800773119,1.0,0.5,0.6115155526141628
H100791,531153,1521,3,2,1959,9573,0.4408927620054627,0.3333333333333333,0.5,0.5,0.7092157511581734
H100792,540736,1593,5,1,2016,5474,0.4506922423252061,0.3547427891763307,1.0,0.0,0.3701191264063534
H100793,308487,1336,2,1,1987,1611,0.21319672893899125,0.2783229259589652,0.25,0.0,0.050545996029119786
H100794,337841,1784,3,1,1978,4623,0.24321383687030185,0.41153731787094855,0.5,0.0,0.2997187293183322
H100795,657972,1375,2,1,1964,10865,0.5705766078438791,0.28991971454058874,0.25,0.0,0.8160986101919259
H100796,494066,2086,2,3,1972,4815,0.4029679653219267,0.5013380909901873,0.25,1.0,0.31560225016545335
H100797,602225,907,1,1,1995,9542,0.5135702810793233,0.15075825156110614,0.0,0.0,0.7066512243547319
H100798,504247,1620,2,2,1977,4787,0.4133789544834949,0.36277133511745463,0.25,0.5,0.3132859033752482
H100799,504463,1950,2,1,1975,4738,0.41359983393137806,0.4608980077311924,0.25,0.0,0.30923229649238915
H100800,640742,1891,3,3,1959,7558,0.5529573815150489,0.4433541480820696,0.5,1.0,0.5425215089344805
H100801,422593,3146,3,3,1996,7318,0.32988038764343103,0.8165328575676479,0.5,1.0,0.5226671078755791
H100802,514418,1974,4,3,1953,7704,0.42377971774469814,0.4680344930121915,0.75,1.0,0.5545996029119789
H100803,430658,1297,1,2,2004,6009,0.3381275762877732,0.26672613737734163,0.0,0.5,0.41437789543348774
H100804,434825,1752,2,1,2015,8068,0.342388708969853,0.40202200416294975,0.25,0.0,0.5847121111846459
H100805,453624,911,1,1,2016,7923,0.3616123790659458,0.151947665774606,0.0,0.0,0.5727167438782264
H100806,533320,1759,5,1,1956,8298,0.44310871461455004,0.4041034790365745,1.0,0.0,0.6037392455327598
H100807,428187,1383,2,2,2004,4752,0.335600756307591,0.29229854296758845,0.25,0.5,0.31039046988749175
H100808,688363,2257,1,2,1980,8067,0.6016541416430363,0.552185548617306,0.0,0.5,0.5846293845135672
H100809,365808,1525,4,3,1968,4957,0.27181261242099214,0.3345227475468332,0.75,1.0,0.32734943745863665
H100810,471969,1741,4,3,1977,5685,0.38037179328546933,0.39875111507582517,0.75,1.0,0.3875744540039709
H100811,434040,1482,2,1,1977,5644,0.3415859757912035,0.32173654475170976,0.25,0.0,0.38418266048974187
H100812,717046,2669,5,2,1968,4003,0.6309850916598579,0.6746952126077906,1.0,0.5,0.24842819324950363
H100813,529483,1639,4,2,1969,2528,0.43918503664451397,0.3684210526315789,0.75,0.5,0.12640635340833886
H100814,654776,2716,4,1,1962,8447,0.5673084100872372,0.6886708296164139,0.75,0.0,0.6160655195234944
H100815,277165,2207,5,1,1992,4595,0.18116716381585607,0.5373178709485579,1.0,0.0,0.29740238252812706
H100816,540057,2041,1,3,1960,5460,0.4499979036904252,0.487957181088314,0.0,1.0,0.3689609530112508
H100817,633444,1984,4,3,1997,4538,0.5454945194286994,0.47100802854594115,0.75,1.0,0.292686962276638
H100818,512342,1996,3,3,1964,5486,0.4216568208289319,0.4745762711864407,0.5,1.0,0.37111184645929846
H100819,659822,836,4,1,1966,4988,0.5724683994113972,0.1296461492714838,0.75,0.0,0.3299139642620781
H100820,422406,1660,1,1,2003,8558,0.32968916330660625,0.3746654772524532,0.0,0.0,0.6252481800132362
H100821,711402,2222,1,3,1999,4818,0.6252135934938732,0.5417781742491823,0.0,1.0,0.31585043017868963
H100822,844834,1775,2,3,1977,9429,0.7616598272436392,0.4088611358905739,0.25,1.0,0.6973031105228326
H100823,445574,1097,3,2,1953,8278,0.3533805292721511,0.2072554267023491,0.5,0.5,0.6020847121111846
H100824,433174,1773,1,2,1971,5051,0.34070041281959773,0.40826642878382396,0.0,0.5,0.3351257445400397
H100825,718007,2652,5,3,1988,6639,0.6319678006849309,0.6696402022004163,1.0,1.0,0.4664956982131039
H100826,736935,2423,3,3,1983,7038,0.6513233848957316,0.6015462384775498,0.5,1.0,0.4995036399735275
H100827,421570,1768,3,2,1993,7683,0.3288342780360954,0.4067796610169492,0.5,0.5,0.552862342819325
H100828,436971,2275,5,3,1991,7880,0.34458318718817393,0.5575379125780553,1.0,1.0,0.5691594970218399
H100829,457732,1616,4,2,1989,6373,0.36581317893587234,0.3615819209039548,0.75,0.5,0.4444904037061549
H100830,298332,948,5,2,1961,4091,0.20281232711837197,0.16294974724947964,1.0,0.5,0.2557081403044342
H100831,362202,1337,5,2,1951,7281,0.2681251527493867,0.2786202795123402,1.0,0.5,0.5196062210456651
H100832,349378,2581,4,1,1977,5526,0.25501145812135895,0.648528099910794,0.75,0.0,0.3744209133024487
H100833,384830,1663,4,1,2016,1000,0.2912643200952236,0.37555753791257807,0.75,0.0,0.0
H100834,494797,1678,4,3,2020,6780,0.4037154786386054,0.3800178412132025,0.75,1.0,0.47816015883520846
H100835,535132,1650,4,2,2021,4531,0.4449616477606812,0.3716919417187035,0.75,0.5,0.2921078755790867
H100836,732575,2752,4,1,1959,5083,0.646864892336608,0.6993755575379126,0.75,0.0,0.3377729980145599
H100837,350246,2612,5,3,2006,6012,0.25589906627303766,0.6577460600654178,1.0,1.0,0.41462607544672403
H100838,647648,2909,2,3,1986,2892,0.560019388307092,0.7460600654177817,0.25,1.0,0.15651886168100596
H100839,467901,1720,2,3,2013,6278,0.3762118970170026,0.39250669045495096,0.25,1.0,0.4366313699536731
H100840,492580,1947,1,3,1989,5366,0.40144839652769326,0.4600059470710675,0.0,1.0,0.3611846459298478
H100841,601222,1041,2,3,2009,4245,0.5125446232727177,0.19060362771335118,0.25,1.0,0.2684480476505625
H100842,331591,2538,2,2,1997,6092,0.23682264914220036,0.6357418971156705,0.25,0.5,0.42124420913302446
H100843,557361,1216,5,3,1968,2619,0.4676928016819561,0.24264049955396966,1.0,1.0,0.13393448047650564
H100844,524967,1908,4,2,2021,6151,0.43456702003969694,0.44840915848944396,0.75,0.5,0.4261250827266711
H100845,573867,1251,4,1,1982,6941,0.484571672824363,0.2530478739220934,0.75,0.0,0.49147915287888816
H100846,543375,1505,5,3,1993,6610,0.4533908574315197,0.32857567647933394,1.0,1.0,0.46409662475182
H100847,868295,1381,2,1,1986,7577,0.7856508120898775,0.29170383586083853,0.25,0.0,0.5440933156849769
H100848,404339,1496,5,2,1985,8330,0.3112140291172287,0.3258994944989593,1.0,0.5,0.6063864990072799
H100849,420350,1530,1,2,1970,5837,0.32758671819157,0.336009515313708,0.0,0.5,0.4001489080079418
H100850,406528,1525,4,1,1951,8190,0.31345247870711895,0.3345227475468332,0.75,0.0,0.5948047650562541
H100851,416678,2216,3,3,1980,5829,0.3238317675775558,0.5399940529289325,0.5,1.0,0.3994870946393117
H100852,404391,1247,1,3,1979,4601,0.3112672037991265,0.2518584597085935,0.0,1.0,0.2978987425545996
H100853,678352,1910,1,1,1993,5214,0.5914169927876725,0.4490038655961939,0.0,0.0,0.3486101919258769
H100854,713075,2408,5,1,1961,6533,0.6269243866249313,0.5970859351769253,1.0,0.0,0.4577266710787558
H100855,414388,1543,2,1,2000,8170,0.3214900363939794,0.33987511150758254,0.25,0.0,0.5931502316346791
H100856,375146,1441,4,3,1998,6002,0.28136155818179404,0.3095450490633363,0.75,1.0,0.41379880873593644
H100857,570712,1684,3,3,1973,4652,0.4813454012592174,0.3818019625334523,0.5,1.0,0.30211780277961614
H100858,417166,2389,1,3,1973,8888,0.3243307915153659,0.5914362176628011,0.0,1.0,0.6525479814692257
H100859,594939,1897,3,1,2009,3130,0.5061196900734117,0.4451382694023194,0.5,0.0,0.17620780939774983
H100860,530438,1534,2,3,1960,4665,0.4401616101293679,0.33719892952720787,0.25,1.0,0.30319324950363996
H100861,272638,2041,2,2,1962,7785,0.1765378987206376,0.487957181088314,0.25,0.5,0.561300463269358
H100862,732125,1248,3,1,2021,9532,0.6464047268201847,0.25215581326196845,0.5,0.0,0.7058239576439445
H100863,769381,2140,4,3,2021,6961,0.6845023412198885,0.5173951828724354,0.75,1.0,0.4931336863004633
H100864,408081,2004,2,1,2013,6499,0.31504056103379763,0.4769550996134404,0.25,0.0,0.4549139642620781
H100865,441844,1646,3,2,1969,5418,0.3495662684360201,0.3705025275052037,0.5,0.5,0.36548643282594306
H100866,542879,1380,1,2,2021,7096,0.4528836527734176,0.2914064823074636,0.0,0.5,0.5043017868960953
H100867,550168,1356,3,1,2022,6258,0.46033731154943863,0.2842699970264645,0.5,0.0,0.43497683653209795
H100868,598781,2067,3,1,2020,4490,0.5100484809936303,0.49568837347606304,0.5,0.0,0.2887160820648577
H100869,801530,2414,5,2,1977,5382,0.7173775883032061,0.5988700564971752,1.0,0.5,0.3625082726671079
H100870,473457,1481,2,1,1951,4265,0.3818934072597757,0.3214391911983348,0.25,0.0,0.27010258107213764
H100871,380255,2029,4,2,1992,6027,0.2865859706782533,0.48438893844781444,0.75,0.5,0.41586697551290536
H100872,293102,756,4,2,1957,6323,0.19746418122749662,0.10585786500148676,0.75,0.5,0.44035407015221706
H100873,390360,1507,5,3,1962,9268,0.2969192429970478,0.32917038358608386,1.0,1.0,0.6839841164791529
H100874,495030,1784,4,1,1984,4805,0.40395374211710905,0.41153731787094855,0.75,0.0,0.31477498345466576
H100875,769183,1345,3,1,1972,5638,0.6842998683926623,0.28099910793933985,0.5,0.0,0.38368630046326935
H100876,422358,1331,5,3,1995,8518,0.3296400789848544,0.2768361581920904,1.0,1.0,0.621939113170086
H100877,533568,1466,1,2,1964,9610,0.44336231694360106,0.3169788878977104,0.0,0.5,0.7122766379880874
H100878,497536,1946,2,1,1951,6949,0.4065163527485686,0.45970859351769255,0.25,0.0,0.4921409662475182
H100879,678258,1706,2,3,2010,5492,0.5913208693242418,0.38834374070770145,0.25,1.0,0.37160820648577103
H100880,879039,680,2,3,2013,5053,0.796637519441993,0.08325899494498959,0.25,1.0,0.33529119788219724
H100881,420369,739,3,1,2001,2313,0.3276061474022634,0.1008028545941124,0.5,0.0,0.10862011912640636
H100882,426584,1496,1,3,1985,4144,0.33396154447908755,0.3258994944989593,0.0,1.0,0.2600926538716082
H100883,656624,2028,5,2,2016,6203,0.5691981564746822,0.4840915848944395,1.0,0.5,0.4304268696227664
H100884,602283,426,5,3,2018,5638,0.5136295913014401,0.007731192387749034,1.0,1.0,0.38368630046326935
H100885,777006,1550,2,2,2016,7246,0.6922995902481723,0.34195658638120724,0.25,0.5,0.5167107875579087
H100886,587589,1536,1,2,1996,5609,0.4986036533051644,0.3377936366339578,0.0,0.5,0.3812872270019854
H100887,446106,2494,1,1,1951,4547,0.35392454717156707,0.6226583407671722,0.0,0.0,0.2934315023163468
H100888,588598,1607,1,3,1993,6682,0.4996354466519891,0.35890573892358013,0.0,1.0,0.4700529450694904
H100889,666305,1991,4,2,2013,11010,0.5790978506180023,0.47308950341956585,0.75,0.5,0.8280939774983455
H100890,623072,1870,4,2,1977,5365,0.5348882155701604,0.43710972346119537,0.75,0.5,0.361101919258769
H100891,576091,734,2,3,2003,6277,0.48684591306553066,0.09931608682723758,0.25,1.0,0.4365486432825943
H100892,660001,2184,1,2,2016,7693,0.57265144302793,0.5304787392209337,0.0,0.5,0.5536896095301125
H100893,675394,1907,1,3,1985,4856,0.5883921714597166,0.448111804936069,0.0,1.0,0.3189940436796823
H100894,707323,2054,5,1,2012,8545,0.621042448735005,0.49182277728218854,1.0,0.0,0.6241727332892124
H100895,597306,3763,5,2,1974,2841,0.5085401606897983,1.0,1.0,0.5,0.1522998014559894
H100896,474932,757,2,2,1997,5184,0.38340172756360763,0.10615521855486174,0.25,0.5,0.34612839179351423
H100897,522007,2662,1,3,1988,5377,0.4315401535316681,0.6726137377341659,0.0,1.0,0.3620946393117141
H100898,680976,1656,2,3,1996,6302,0.5941002690434386,0.3734760630389533,0.25,1.0,0.4386168100595632
H100899,377459,1943,5,3,1970,2057,0.28372680893620983,0.4588165328575676,1.0,1.0,0.08744209133024487
H100900,555300,1777,5,3,1979,8705,0.46558524361673737,0.4094558429973238,1.0,1.0,0.6374090006618134
H100901,440999,1587,4,2,1980,6828,0.3487021798551808,0.3529586678560809,0.75,0.5,0.48213103904698873
H100902,504311,1515,2,1,1975,8245,0.4134444002458306,0.33154921201308357,0.25,0.0,0.5993547319655858
H100903,691767,1964,2,1,1971,9226,0.6051350381272695,0.4650609574784419,0.25,0.0,0.6805095962938451
H100904,528664,1041,1,1,1970,4518,0.4383475354046235,0.19060362771335118,0.0,0.0,0.29103242885506286
H100905,506965,2175,1,1,1950,1011,0.41615835420269165,0.527802557240559,0.0,0.0,0.0009099933818663137
H100906,296021,1591,4,3,1986,8292,0.20044912154402914,0.3541480820695807,0.75,1.0,0.6032428855062872
H100907,611938,1234,3,2,1995,5427,0.5235026981038113,0.247992863514719,0.5,0.5,0.36623097286565187
H100908,596822,1574,3,2,1958,3733,0.5080452271121342,0.3490930716622064,0.5,0.5,0.22609199205823957
H100909,824488,2428,3,2,1966,7152,0.7408542103610868,0.6030330062444246,0.5,0.5,0.5089344804765056
H100910,453833,1532,2,3,1996,10927,0.36182610038357355,0.3366042224204579,0.25,1.0,0.8212276637988087
H100911,532872,1979,2,2,2008,5782,0.4426505942781997,0.4695212607790663,0.25,0.5,0.3955989410986102
H100912,537407,1434,5,3,2003,7902,0.44728804009371015,0.30746357418971154,1.0,1.0,0.5709794837855725
H100913,736617,2178,2,2,1961,4024,0.6509982012641258,0.528694617900684,0.25,0.5,0.2501654533421575
H100914,485705,2142,2,1,2013,2626,0.39441809002678163,0.5179898899791853,0.25,0.0,0.1345135671740569
H100915,541853,2724,2,3,1955,7827,0.45183447539597243,0.6910496580434137,0.25,1.0,0.5647749834546658
H100916,591184,1712,4,2,2002,7092,0.5022798644863684,0.39012786202795124,0.75,0.5,0.5039708802117803
H100917,527991,2134,2,1,1965,5068,0.43765933231006154,0.5156110615521855,0.25,0.0,0.3365320979483786
H100918,433034,1849,1,1,1954,9412,0.34055725021448824,0.43086529884032115,0.0,0.0,0.6958967571144937
H100919,529113,2447,1,1,2022,2471,0.43880667833101034,0.6086827237585489,0.0,0.0,0.12169093315684977
H100920,661044,1440,5,3,1995,3539,0.5737180044359956,0.30924769550996134,1.0,1.0,0.21004301786896096
H100921,346022,2172,4,3,1963,4914,0.25157964595887755,0.5269104965804341,0.75,1.0,0.3237921906022502
H100922,519945,1702,1,2,1993,5287,0.4294315728764128,0.3871543264942016,0.0,0.5,0.3546492389146261
H100923,394981,1767,4,1,2012,8930,0.3016446315556969,0.40648230746357417,0.75,0.0,0.6560225016545335
H100924,679256,1845,4,2,2001,6098,0.5923414141806651,0.42967588462682127,0.75,0.5,0.42174056915949704
H100925,271521,1926,5,2,1975,5614,0.1753956656498713,0.4537615224501933,1.0,0.5,0.3817008603573792
H100926,416161,1741,4,1,2002,3459,0.3233030885286872,0.39875111507582517,0.75,0.0,0.2034248841826605
H100927,556581,1907,2,2,1978,8173,0.466895181453489,0.448111804936069,0.25,0.5,0.5933984116479153
H100928,734828,2589,4,3,1968,3726,0.649168787688834,0.6509069283377936,0.75,1.0,0.2255129053606883
H100929,490137,2292,5,2,1996,3450,0.39895020906853296,0.5625929229854296,1.0,0.5,0.2026803441429517
H100930,416720,2234,5,1,1957,5199,0.3238747163590886,0.5453464168896819,1.0,0.0,0.34736929185969556
H100931,782173,1572,5,3,1972,6326,0.6975833129667485,0.34849836455545646,1.0,1.0,0.44060225016545335
H100932,282797,1355,1,3,1984,4559,0.1869263909014029,0.2839726434730895,0.0,1.0,0.29442422236929183
H100933,170179,2277,2,2,2002,7414,0.07176434617126952,0.5581326196848052,0.25,0.5,0.5306088682991397
H100934,566002,2238,1,2,2007,5434,0.4765290021873201,0.5465358311031817,0.0,0.5,0.3668100595632032
H100935,424691,2536,3,3,1954,8105,0.3320257815400001,0.6351471900089206,0.5,1.0,0.5877729980145598
H100936,346815,1498,2,2,1965,7010,0.2523905598578191,0.3264942016057092,0.25,0.5,0.4971872931833223
H100937,606253,1685,4,1,1966,9582,0.5176892737463302,0.38209931608682723,0.75,0.0,0.7099602911978822
H100938,536570,980,5,2,1981,5115,0.4464321322331628,0.17246506095747843,1.0,0.5,0.34042025148908006
H100939,415388,1603,3,2,2001,7687,0.3225126264304756,0.3577163247100803,0.5,0.5,0.55319324950364
H100940,307954,2298,2,3,1969,2426,0.21265168844953877,0.5643770443056795,0.25,1.0,0.11796823295830576
H100941,630868,1566,1,2,2015,11783,0.542860327494685,0.34671424323520666,0.0,0.5,0.8920416942422237
H100942,597530,2120,5,2,1950,7587,0.5087692208579735,0.5114481118049361,1.0,0.5,0.5449205823957644
H100943,485123,1704,1,2,2007,5407,0.3938229426255408,0.38774903360095153,0.0,0.5,0.36457643944407675
H100944,776995,1962,2,1,1993,5481,0.6922883417577709,0.4644662503716919,0.25,0.0,0.3706982131039047
H100945,339487,1226,2,2,1955,5505,0.24489702007037464,0.24561403508771928,0.25,0.5,0.37268365320979485
H100946,271171,1842,3,1,1999,9680,0.17503775913709763,0.4287838239666964,0.5,0.0,0.7180675049636003
H100947,396213,400,4,1,2021,7797,0.3029044624806603,0.0,0.75,0.0,0.5622931833223032
H100948,493162,1706,1,1,1969,5113,0.4020435439289341,0.38834374070770145,0.0,0.0,0.34025479814692255
H100949,536500,984,3,1,1963,3522,0.44636055093060806,0.1736544751709783,0.5,0.0,0.2086366644606221
H100950,463814,2402,5,3,1954,8392,0.37203257153784247,0.5953018138566756,1.0,1.0,0.6115155526141628
H100951,552808,2188,4,1,1990,7677,0.4630369492457887,0.5316681534344335,0.75,0.0,0.5523659827928524
H100952,312269,2033,3,2,1989,7412,0.21706416445702004,0.4855783526613143,0.5,0.5,0.5304434149569821
H100953,716564,2560,1,1,1983,5832,0.6304922032622667,0.6422836752899197,0.0,0.0,0.399735274652548
H100954,487677,1325,2,2,1994,5400,0.3964346375787522,0.2750520368718406,0.25,0.5,0.3639973527465255
H100955,667594,2673,5,1,2020,9370,0.5804159691750459,0.6758846268212905,1.0,0.0,0.6924222369291859
H100956,551408,2266,1,3,2020,9556,0.461605323194694,0.5548617305976806,0.0,1.0,0.7078093977498345
H100957,568512,1681,4,1,1976,7280,0.47909570317892564,0.3809099018733274,0.75,0.0,0.5195234943745863
H100958,585465,2367,4,1,1993,7939,0.4964316720676464,0.5848944394885519,0.75,0.0,0.5740403706154864
H100959,567156,1246,2,3,1982,6472,0.4777090710894367,0.25156110615521854,0.25,1.0,0.45268034414295166
H100960,596408,1387,2,1,1982,3260,0.5076218748370247,0.29348795718108833,0.25,0.0,0.1869622766379881
H100961,699372,1495,5,2,1993,4040,0.6129118353548234,0.3256021409455843,1.0,0.5,0.2514890800794176
H100962,529478,1535,5,1,1969,8292,0.43917992369433145,0.3374962830805828,1.0,0.0,0.6032428855062872
H100963,606350,1271,2,1,1985,8547,0.5177884649798703,0.25899494498959263,0.25,0.0,0.62433818663137
H100964,486539,2411,2,1,1956,8108,0.3952709301172195,0.5979779958370502,0.25,0.0,0.5880211780277962
H100965,716017,1670,4,3,1981,6692,0.6299328465123033,0.3776390127862028,0.75,1.0,0.47088021178027795
H100966,398541,1976,2,1,2016,8182,0.3052850520856235,0.46862920011894144,0.25,0.0,0.5941429516876241
H100967,770141,1514,3,1,1988,5883,0.6852795096476257,0.3312518584597086,0.5,0.0,0.40395433487756455
H100968,493976,889,1,2,1973,7242,0.40287593221864204,0.14540588760035683,0.0,0.5,0.5163798808735937
H100969,285383,1935,2,1,2019,5590,0.18957080873578216,0.45643770443056797,0.25,0.0,0.3797154202514891
H100970,519215,843,5,1,2003,3886,0.4286850821497706,0.13172762414510852,1.0,0.0,0.23874917273328922
H100971,397842,1765,3,1,1987,7729,0.30457026165011264,0.40588760035682425,0.5,0.0,0.5566677696889477
H100972,626096,1115,5,1,1981,8550,0.5379805278405251,0.21260779066309843,1.0,0.0,0.6245863666446062
H100973,402106,2793,3,2,1994,10947,0.3089305855657326,0.7115670532262861,0.5,0.5,0.8228821972203838
H100974,433072,2255,2,2,2010,6528,0.34059610863587514,0.551590841510556,0.25,0.5,0.457313037723362
H100975,216568,1852,1,3,2019,3904,0.11920127537429352,0.431757359500446,0.0,1.0,0.2402382528127068
H100976,432154,2431,5,1,2002,5343,0.3396573709823716,0.6039250669045495,1.0,0.0,0.3592819324950364
H100977,136418,1376,3,3,2000,5728,0.03724068394912001,0.29021706809396375,0.5,1.0,0.39113170086035737
H100978,262414,2071,4,3,2005,6296,0.16608293818750006,0.49687778768956287,0.75,1.0,0.4381204500330907
H100979,614062,1899,2,1,1976,6941,0.5256746793413293,0.4457329765090693,0.25,0.0,0.49147915287888816
H100980,617870,1932,1,2,1987,6725,0.5295687022003069,0.45554564377044304,0.0,0.5,0.4736101919258769
H100981,563818,2436,2,2,2011,7554,0.4742956655476123,0.6054118346714243,0.25,0.5,0.5421906022501655
H100982,354953,2166,4,1,1967,6394,0.26071239757482545,0.5251263752601844,0.75,0.0,0.44622766379880874
H100983,492843,1944,1,1,2013,1549,0.4017173377072918,0.4591138864109426,0.0,0.0,0.04541694242223693
H100984,499459,972,4,2,1979,6454,0.4084827933887509,0.17008623253047875,0.75,0.5,0.4511912640635341
H100985,326245,1319,2,1,1998,6173,0.23135588280709146,0.27326791555159086,0.25,0.0,0.42794506949040373
H100986,725509,1738,3,1,1990,7100,0.6396392711387255,0.39785905441570024,0.5,0.0,0.5046326935804103
H100987,631604,1846,2,1,1962,5277,0.5436129537615463,0.4299732381801962,0.25,0.0,0.35382197220383854
H100988,466855,1234,2,2,1983,6447,0.37514226783882754,0.247992863514719,0.25,0.5,0.4506121773659828
H100989,504032,3005,2,3,1974,7112,0.4131590976256482,0.7746060065417781,0.25,1.0,0.5056254136333554
H100990,531257,2558,5,3,2015,5679,0.4409991113692583,0.6416889681831698,1.0,1.0,0.38707809397749837
H100991,193739,2101,4,1,1967,7351,0.09585656743112089,0.5057983942908117,0.75,0.0,0.525397088021178
H100992,462923,1836,4,2,1954,6140,0.3711214438153243,0.4269997026464466,0.75,0.5,0.4252150893448048
H100993,397702,1693,4,1,1968,6313,0.30442709904500315,0.38447814451382695,0.75,0.0,0.4395268034414295
H100994,349756,1324,5,2,1991,1000,0.25539799715515454,0.27475468331846564,1.0,0.5,0.0
H100995,457834,1838,3,1,1967,3712,0.365917483119595,0.42759440975319657,0.5,0.0,0.2243547319655857
H100996,769652,1928,2,2,1981,3717,0.684779463119779,0.4543562295569432,0.25,0.5,0.2247683653209795
H100997,596126,1179,3,2,1970,6432,0.5073335044467328,0.23163841807909605,0.5,0.5,0.4493712772998015
H100998,414323,1967,5,3,1959,8543,0.32142356804160715,0.46595301813856677,1.0,1.0,0.624007279947055
H100999,585887,1722,4,1,1986,5763,0.49686320506304776,0.39310139756170087,0.75,0.0,0.3940271343481138
H101000,709903,846,2,3,1998,7696,0.6236807310291653,0.13261968480523342,0.25,1.0,0.5539377895433488
H101001,638695,1369,1,3,1962,7296,0.5508641397103411,0.288135593220339,0.0,1.0,0.5208471211118465
H101002,508944,1593,1,2,2004,6279,0.4181820598849177,0.3547427891763307,0.0,0.5,0.4367140966247518
H101003,402959,2743,3,1,1966,7147,0.3098028548668639,0.6966993755575379,0.5,0.0,0.5085208471211119
H101004,604733,2078,4,2,1958,6491,0.5161349368908559,0.4989592625631876,0.75,0.5,0.45425215089344806
H101005,559022,1132,1,2,1993,5715,0.46939132373257636,0.21766280107047278,0.0,0.5,0.39005625413633355
H101006,634278,2043,3,2,1995,6782,0.5463473595191373,0.48855188819506395,0.5,0.5,0.47832561217736597
H101007,595275,1026,5,1,1957,8893,0.5064632803256744,0.18614332441272674,1.0,0.0,0.6529616148246195
H101008,657432,2341,3,1,1986,6945,0.5700244092241712,0.5771632471008028,0.5,0.0,0.4918100595632032
H101009,419714,1564,3,2,1968,6435,0.3269363509283584,0.34611953612845675,0.5,0.5,0.4496194573130377
H101010,697609,1753,3,1,2012,4245,0.6111090091204805,0.4023193577163247,0.5,0.0,0.2684480476505625
H101011,529639,2462,2,2,1995,8831,0.4393445606902074,0.6131430270591733,0.25,0.5,0.6478325612177366
H101012,811289,1156,3,1,2020,3185,0.7273570444693729,0.2247992863514719,0.5,0.0,0.1807577763070814
H101013,396621,1101,3,1,1975,2587,0.30332167921555075,0.20844484091584894,0.5,0.0,0.13128722700198545
H101014,760394,1508,2,3,1995,6742,0.6753123245618968,0.3294677371394588,0.25,1.0,0.4750165453342158
H101015,529686,2319,2,2,1995,4238,0.4393926224219227,0.5706214689265536,0.25,0.5,0.26786896095301127
H101016,402287,1040,5,3,1963,8178,0.30911567436233844,0.19030627415997622,1.0,1.0,0.5938120450033091
H101017,427417,400,4,3,2012,2632,0.3348133619794889,0.0,0.75,1.0,0.13500992720052946
H101018,451947,1574,1,2,2021,7923,0.3598974955747416,0.3490930716622064,0.0,0.5,0.5727167438782264
H101019,563624,2075,1,2,1952,7641,0.474097283080532,0.49806720190306275,0.0,0.5,0.5493878226340172
H101020,578425,2400,3,1,1977,6236,0.48923263821071283,0.5947071067499257,0.5,0.0,0.4331568497683653
H101021,413944,1568,5,2,1978,1800,0.3210360064177751,0.3473089503419566,1.0,0.5,0.06618133686300463
H101022,496346,1594,3,3,1967,2553,0.4052994706051381,0.35504014272970563,0.5,1.0,0.12847452018530775
H101023,821340,2376,1,3,1984,6479,0.7376350969261966,0.5875706214689266,0.0,1.0,0.45325943084050296
H101024,759131,865,2,2,1996,5534,0.6740207933458021,0.13826940231935772,0.25,0.5,0.3750827266710788
H101025,565448,1605,4,3,1954,7454,0.47596248730710117,0.3583110318168302,0.75,1.0,0.5339179351422899
H101026,505700,1895,5,1,2008,5863,0.4148647778065239,0.4445435622955694,1.0,0.0,0.4022998014559894
H101027,518004,2024,2,3,2008,5689,0.4274467256155736,0.48290217068093966,0.25,1.0,0.3879053606882859
H101028,592027,1545,4,1,1996,1147,0.5031419078871346,0.34046981861433245,0.75,0.0,0.012160820648577101
H101029,346581,1817,5,3,1962,7644,0.252151273789279,0.42134998513232236,1.0,1.0,0.5496360026472534
H101030,461393,555,5,1,1982,4701,0.3695568810594851,0.046089800773119236,1.0,0.0,0.3061714096624752
H101031,249712,1470,1,1,2011,5203,0.15309399954392483,0.3181683021112102,0.0,0.0,0.3477001985440106
H101032,559883,2026,2,2,1965,3860,0.4702717737539996,0.48349687778768957,0.25,0.5,0.23659827928524158
H101033,597079,1308,5,1,1993,2919,0.5083080327515137,0.26999702646446627,1.0,0.0,0.15875248180013235
H101034,427522,1829,5,2,2007,8944,0.334920733933321,0.4249182277728219,1.0,0.5,0.657180675049636
H101035,736098,2023,4,3,1955,7590,0.6504674770351843,0.4826048171275647,0.75,1.0,0.5451687624090007
H101036,316135,1628,1,3,1964,7623,0.22101749753811448,0.36515016354445434,0.0,1.0,0.5478987425545996
H101037,280343,1885,3,3,1953,5566,0.18441695495184113,0.4415700267618198,0.5,1.0,0.37772998014559894
H101038,533667,1318,1,1,2005,2524,0.4434635533572142,0.2729705619982159,0.0,0.0,0.12607544672402382
H101039,657064,1696,3,3,2013,10204,0.5696480960907405,0.3853702051739518,0.5,1.0,0.7614162806088683
H101040,752589,2105,2,3,2017,6844,0.6673310093270437,0.5069878085043116,0.25,1.0,0.48345466578424884
H101041,431167,1878,2,2,1983,6273,0.33864807461634977,0.4394885518881951,0.25,0.5,0.4362177365982793
H101042,661802,1506,5,2,2005,5281,0.5744931276836597,0.3288730300327089,1.0,0.5,0.35415287888815355
H101043,494223,1912,2,3,1981,1910,0.4031285119576566,0.4495985727029438,0.25,1.0,0.07528127068166778
H101044,474105,2157,5,3,1958,8283,0.38255604560342527,0.5224501932798097,1.0,1.0,0.6024983454665784
H101045,632548,775,1,1,2012,3884,0.5445782787559987,0.11150758251561106,0.0,0.0,0.2385837193911317
H101046,597848,2379,2,1,2021,7093,0.5090944044895793,0.5884626821290514,0.25,0.0,0.504053606882859
H101047,263541,1631,1,3,1982,7541,0.16723539715863134,0.36604222420457927,0.0,1.0,0.5411151555261416
H101048,721481,2012,1,2,1970,6668,0.6355202784717188,0.47933392804044006,0.0,0.5,0.4688947716743878
H101049,707013,2398,2,3,2004,6939,0.6207254458236912,0.5941123996431757,0.25,1.0,0.49131369953673065
H101050,406165,1114,1,1,2006,8692,0.31308127852387085,0.21231043710972347,0.0,0.0,0.6363335539377896
H101051,559370,1445,2,2,1951,4415,0.469747185065277,0.3107344632768362,0.25,0.5,0.282511581733951
H101052,574104,1655,2,2,1962,6329,0.4848140266630126,0.37317870948557835,0.25,0.5,0.44085043017868963
H101053,539101,1408,2,1,1953,5549,0.4490203076155348,0.29973238180196254,0.25,0.0,0.3763236267372601
H101054,417454,2667,3,3,1999,2320,0.32462529744587687,0.6741005055010407,0.5,1.0,0.10919920582395765
H101055,399256,1371,1,3,1997,6572,0.3060162039617183,0.2887303003270889,0.0,1.0,0.46095301125082727
H101056,496166,1522,4,3,1979,8502,0.4051154043985688,0.33363068688670827,0.75,1.0,0.6206154864328259
H101057,675909,1902,2,1,1978,8752,0.5889188053285122,0.44662503716919416,0.25,0.0,0.6412971542025149
H101058,581540,1198,1,2,1957,9714,0.4924180061743986,0.23728813559322035,0.0,0.5,0.720880211780278
H101059,444407,1602,5,1,1961,2452,0.35218716669955996,0.35741897115670535,1.0,0.0,0.1201191264063534
H101060,615754,1958,2,3,1990,9257,0.527404901683081,0.4632768361581921,0.25,1.0,0.6830741230972865
H101061,100000,1633,2,1,1975,6369,0.0,0.3666369313113292,0.25,0.0,0.4441594970218398
H101062,672314,1753,4,2,1999,9201,0.5852425941473082,0.4023193577163247,0.75,0.5,0.6784414295168762
H101063,239042,1535,3,1,1951,5210,0.14218296385450999,0.3374962830805828,0.5,0.0,0.3482792852415619
H101064,445633,1042,3,3,2004,4938,0.35344086208430436,0.19090098126672614,0.5,1.0,0.3257776307081403
H101065,332049,1960,2,2,2005,3569,0.23729099537891563,0.463871543264942,0.25,0.5,0.21252481800132364
H101066,305797,2677,1,1,1963,7551,0.21044596174081637,0.6770740410347904,0.0,0.0,0.5419424222369292
H101067,674124,1809,5,1,1955,7028,0.5870934821133664,0.41897115670532264,1.0,0.0,0.4986763732627399
H101068,429844,1912,5,2,2010,3765,0.33729518799806524,0.4495985727029438,1.0,0.5,0.22873924553275976
H101069,551975,2146,1,2,1961,1671,0.46218513174538733,0.5191793041926851,0.0,0.5,0.05550959629384514
H101070,492961,1165,2,3,1962,6830,0.40183800333159836,0.22747546833184656,0.25,1.0,0.48229649238914624
H101071,571556,2651,5,2,1968,7058,0.4822084672500202,0.6693428486470413,1.0,0.5,0.5011581733951026
H101072,511523,1901,3,3,1993,4026,0.4208193195890415,0.4463276836158192,0.5,1.0,0.250330906684315
H101073,307551,2615,1,1,2008,3624,0.21223958466483078,0.6586381207255426,0.0,0.0,0.21707478491065518
H101074,649440,1433,4,3,1986,7311,0.5618518696524932,0.3071662206363366,0.75,1.0,0.5220880211780278
H101075,425936,2709,2,1,1974,9712,0.33329890613543794,0.6865893547427891,0.25,0.0,0.7207147584381205
H101076,266512,2187,1,2,1965,5010,0.17027351215706166,0.5313707998810586,0.0,0.5,0.3317339510258107
H101077,435782,2076,5,1,1987,4240,0.34336732763477995,0.4983645554564377,1.0,0.0,0.2680344142951688
H101078,725113,1917,2,2,1992,6597,0.6392343254842731,0.45108534046981863,0.25,0.5,0.4630211780277962
H101079,627533,1675,3,1,1963,7270,0.5394499897229701,0.3791257805530776,0.5,0.0,0.5186962276637989
H101080,447702,2400,2,1,1955,5271,0.3555566008698151,0.5947071067499257,0.25,0.0,0.35332561217736597
H101081,447611,1870,2,1,1972,10050,0.3554635451764939,0.43710972346119537,0.25,0.0,0.74867637326274
H101082,451754,816,3,1,2009,7803,0.3597001356976978,0.12369907820398454,0.5,0.0,0.5627895433487756
H101083,811512,1241,3,3,1961,5237,0.7275850820475116,0.25007433838834375,0.5,1.0,0.3505129053606883
H101084,557290,1707,2,1,1962,2815,0.46762019778936487,0.3886410942610764,0.25,0.0,0.15014890800794176
H101085,564506,1954,3,3,1955,8638,0.47499920749272173,0.4620874219446922,0.5,1.0,0.6318663136995367
H101086,654542,1771,1,2,2012,8383,0.567069124018697,0.40767172167707405,0.0,0.5,0.610771012574454
H101087,535818,2409,3,2,1987,5394,0.44566314452571765,0.5973832887303003,0.5,0.5,0.36350099272005293
H101088,461143,824,3,3,1999,6701,0.36930123355036104,0.12607790663098423,0.5,1.0,0.47162475181998675
H101089,470547,1871,2,2,2001,5699,0.37891767025357165,0.4374070770145703,0.25,0.5,0.38873262739907344
H101090,489259,891,1,2,1989,7041,0.39805237501648927,0.14600059470710675,0.0,0.5,0.4997518199867637
H101091,494416,2179,4,1,1957,3950,0.40332587183470037,0.5289919714540589,0.75,0.0,0.2440436796823296
H101092,609144,1752,4,1,2010,3664,0.5206455815418408,0.40202200416294975,0.75,0.0,0.22038385175380543
H101093,507791,2009,5,1,1957,7621,0.41700301357283753,0.4784418673803152,1.0,0.0,0.5477332892124421
H101094,609896,1368,3,3,1983,7875,0.521414569249286,0.28783823966696404,0.5,1.0,0.5687458636664461
H101095,487892,2439,3,3,2009,5018,0.3966544944365989,0.6063038953315492,0.5,1.0,0.33239576439444074
H101096,511795,2320,1,2,2006,4501,0.4210974640789685,0.5709188224799286,0.0,0.5,0.28962607544672403
H101097,200269,2091,4,1,1995,8295,0.10253408036944132,0.5028248587570622,0.75,0.0,0.6034910655195235
H101098,637449,1735,5,3,1971,4569,0.5495899925248668,0.39696699375557537,1.0,1.0,0.2952514890800794
H101099,551973,2089,1,3,1989,6110,0.46218308656531437,0.5022301516503123,0.0,1.0,0.4227332892124421
H101100,649701,1446,3,1,1994,5857,0.5621187656520188,0.31103181683021114,0.5,0.0,0.40180344142951685
H101101,100000,2227,4,3,2004,3066,0.0,0.5432649420160571,0.75,1.0,0.17091330244870948
H101102,813256,2624,5,1,2000,6384,0.729368479071161,0.6613143027059173,1.0,0.0,0.4454003970880212
H101103,479061,2335,2,2,1954,6188,0.3876240018243006,0.5753791257805531,0.25,0.5,0.42918596955658506
H101104,666227,1435,4,2,1962,6720,0.5790180885951556,0.30776092774308655,0.75,0.5,0.47319655857048315
H101105,344014,1980,5,2,1977,6316,0.2495262851655931,0.46981861433244126,1.0,0.5,0.43977498345466576
H101106,591916,1153,1,1,2011,10271,0.5030284003930836,0.22390722569134702,0.0,0.0,0.7669589675711449
H101107,341987,2086,2,3,1973,8323,0.24745349516161524,0.5013380909901873,0.25,1.0,0.6058074123097287
H101108,406434,2025,5,2,1956,6077,0.3133563552436883,0.4831995242343146,1.0,0.5,0.42000330906684313
H101109,787104,865,5,2,1987,6260,0.7026257044367114,0.13826940231935772,1.0,0.5,0.43514228987425546
H101110,471397,1219,3,2,1986,9527,0.37978687178459347,0.24353256021409456,0.5,0.5,0.7054103242885507
H101111,532614,1658,4,3,2017,7726,0.4423867660487837,0.3740707701457032,0.75,1.0,0.5564195896757115
H101112,630510,1649,3,3,1991,3541,0.5424942402616194,0.37139458816532855,0.5,1.0,0.21020847121111846
H101113,574352,1195,2,1,1954,7897,0.4850676289920637,0.23639607493309545,0.25,0.0,0.5705658504301787
H101114,522562,1994,5,2,2013,8485,0.4321076910019235,0.4739815640796908,1.0,0.5,0.6192091330244871
H101115,554744,1925,3,3,1999,9235,0.46501668355644543,0.45346416889681834,0.5,1.0,0.6812541363335539
H101116,860512,1702,4,1,1964,5197,0.7776919938358272,0.3871543264942016,0.75,0.0,0.34720383851753805
H101117,491357,1422,2,2,2022,5051,0.40019776891305836,0.303895331549212,0.25,0.5,0.3351257445400397
H101118,530164,2324,1,3,2002,4116,0.4398814204593679,0.5721082366934285,0.0,1.0,0.25777630708140303
H101119,657598,2627,3,3,1974,6616,0.5701941591702295,0.6622063633660422,0.5,1.0,0.46459298477829253
H101120,665828,1558,2,1,1958,7465,0.5786100751705936,0.34433541480820695,0.25,0.0,0.5348279285241562
H101121,678054,1493,1,2,1987,4973,0.5911122609567966,0.32500743383883435,0.0,0.5,0.32867306419589676
H101122,595809,2045,3,2,1971,5716,0.5070093434051635,0.48914659530181387,0.5,0.5,0.39013898080741233
H101123,328549,1620,2,3,1998,1892,0.23371193025117878,0.36277133511745463,0.25,1.0,0.07379219060225016
H101124,745014,1730,2,2,2017,9018,0.6595848898005847,0.3954802259887006,0.25,0.5,0.663302448709464
H101125,328048,2169,3,1,1964,2870,0.23319961264289418,0.5260184359203093,0.5,0.0,0.15469887491727333
H101126,545395,845,2,3,2014,6749,0.45545648930524213,0.13232233125185847,0.25,1.0,0.475595632031767
H101127,386858,2459,5,3,2003,6476,0.293338132689238,0.6122509663990485,1.0,1.0,0.45301125082726673
H101128,490379,1836,3,1,1979,6091,0.39919767585736504,0.4269997026464466,0.5,0.0,0.42116148246194574
H101129,549314,1594,2,3,1969,6137,0.4594640196582709,0.35504014272970563,0.25,1.0,0.4249669093315685
H101130,548203,1755,1,2,1982,3976,0.45832792212772355,0.4029140648230746,0.0,0.5,0.24619457313037724
H101131,563288,1781,1,2,1956,5343,0.4737536928282693,0.4106452572108237,0.0,0.5,0.3592819324950364
H101132,742056,934,5,3,1957,7937,0.6565600684726288,0.15878679750223015,1.0,1.0,0.573874917273329
H101133,568030,2547,3,1,1977,8530,0.4786028147813345,0.6384180790960452,0.5,0.0,0.6229318332230311
H101134,463376,1820,2,1,1994,5158,0.3715846771018571,0.42224204579244723,0.25,0.0,0.3439774983454666
H101135,644613,2021,2,2,2022,2879,0.5569158275463258,0.48201011002081473,0.25,0.5,0.15544341495698213
H101136,678420,2275,1,1,1960,4442,0.5914865289101542,0.5575379125780553,0.0,0.0,0.28474520185307745
H101137,315858,1289,5,3,1980,9705,0.22073424009800502,0.264347308950342,1.0,1.0,0.7201356717405691
H101138,589610,2036,1,3,1961,4561,0.5006703077689233,0.4864704133214392,0.0,1.0,0.2945896757114494
H101139,605175,1666,1,2,2000,5805,0.5165869216869873,0.37644959857270294,0.0,0.5,0.39750165453342157
H101140,455365,2223,5,2,1993,8831,0.3633927083194858,0.5420755278025572,1.0,0.5,0.6478325612177366
H101141,706356,736,3,2,1999,4946,0.6200536041697131,0.09991079393398751,0.5,0.5,0.32643944407677034
H101142,477491,1750,2,1,1966,5668,0.38601853546700154,0.40142729705619984,0.25,0.0,0.38616810059563206
H101143,518836,1498,3,3,1984,7588,0.4282975205259385,0.3264942016057092,0.5,1.0,0.5450033090668431
H101144,474039,2016,4,3,1950,9423,0.3824885546610165,0.48052334225393994,0.75,1.0,0.69680675049636
H101145,502336,2035,4,3,1978,4708,0.41142478492375056,0.48617305976806424,0.75,1.0,0.3067504963600265
H101146,335558,1446,4,2,2000,8784,0.24087926381698094,0.31103181683021114,0.75,0.5,0.6439444076770351
H101147,283992,1443,5,3,2013,5436,0.1881483859950159,0.3101397561700862,1.0,1.0,0.3669755129053607
H101148,739175,1744,1,1,1953,4228,0.6536139865774832,0.39964317573595004,0.0,0.0,0.2670416942422237
H101149,372955,1351,3,1,1977,6499,0.27912106341183074,0.28278322925958965,0.5,0.0,0.4549139642620781
H101150,351291,2220,2,3,1965,3684,0.2569676728611762,0.5411834671424324,0.25,1.0,0.22203838517538055
H101151,176991,1615,4,2,2012,6944,0.07873022949988188,0.36128456735057984,0.75,0.5,0.49172733289212445
H101152,404155,400,3,3,2002,12299,0.3110258725505134,0.0,0.5,1.0,0.9347286565188617
H101153,301536,1612,4,1,1966,8211,0.2060887055953059,0.360392506690455,0.75,0.0,0.596542025148908
H101154,746302,1280,4,1,1989,5790,0.6609019857675918,0.2616711269699673,0.75,0.0,0.39626075446724024
H101155,651472,984,2,1,1962,8104,0.5639297726066536,0.1736544751709783,0.25,0.0,0.5876902713434812
H101156,396777,1181,5,3,2001,4136,0.30348120326124417,0.23223312518584596,1.0,1.0,0.25943084050297816
H101157,837865,1854,1,1,2007,4472,0.7545333972792969,0.43235206660719594,0.0,0.0,0.2872270019854401
H101158,647264,2464,5,2,1986,5845,0.5596267137330774,0.6137377341659233,1.0,0.5,0.4008107213765718
H101159,451275,1956,3,3,2010,6175,0.35921031507021617,0.4626821290514422,0.5,1.0,0.42811052283256124
H101160,125089,1496,5,3,1983,3413,0.025655761425654126,0.3258994944989593,1.0,1.0,0.19961945731303773
H101161,843641,2027,3,1,2019,5387,0.7604398773300992,0.48379423134106453,0.5,0.0,0.36292190602250163
H101162,291564,1570,3,1,1966,5710,0.19589143775136542,0.3479036574487065,0.5,0.0,0.38964262078093975
H101163,253190,1452,1,2,1969,9083,0.15665056769085875,0.3128159381504609,0.0,0.5,0.6686796823295831
H101164,653385,1222,2,3,2022,3413,0.5658859873464709,0.24442462087421946,0.25,1.0,0.19961945731303773
H101165,865962,924,1,1,2008,3227,0.7832651095347317,0.15581326196848053,0.0,0.0,0.18423229649238915
H101166,707640,1605,5,2,2018,6351,0.6213666097765743,0.3583110318168302,1.0,0.5,0.44267041694242226
H101167,584586,1879,3,1,1982,8301,0.4955328154255662,0.43978590544157004,0.5,0.0,0.603987425545996
H101168,589213,1751,4,3,1966,7103,0.5002643395244343,0.4017246506095748,0.75,1.0,0.5048808735936466
H101169,628012,1592,4,1,2006,6605,0.5399398103504518,0.3544454356229557,0.75,0.0,0.4636829913964262
H101170,613839,1327,3,3,1950,5422,0.5254466417631907,0.27564674397859057,0.5,1.0,0.36581733951025813
H101171,542178,2104,1,1,1962,7352,0.4521668171578337,0.5066904549509367,0.0,0.0,0.5254798146922568
H101172,515630,1141,2,3,1976,7653,0.4250190968689316,0.22033898305084745,0.25,1.0,0.5503805426869622
H101173,490611,2188,1,2,2019,5485,0.3994349167458322,0.5316681534344335,0.0,0.5,0.37102911978821973
H101174,386905,1298,3,3,2008,4102,0.29338619442095326,0.26702349093071664,0.5,1.0,0.2566181336863005
H101175,457898,1423,3,2,1955,4115,0.36598292888193074,0.30419268510258696,0.5,0.5,0.2576935804103243
H101176,246056,1066,2,3,1972,7757,0.1493554103704946,0.19803746654772525,0.25,1.0,0.5589841164791529
H101177,485249,1549,5,2,1959,2911,0.3939517889701393,0.3416592328278323,1.0,0.5,0.15809066843150232
H101178,351711,2287,5,1,2000,9354,0.25739716067650464,0.5611061552185549,1.0,0.0,0.6910986101919259
H101179,334461,2057,2,3,1968,5087,0.23975748254694454,0.4927148379423134,0.25,1.0,0.3381039046988749
H101180,526984,2289,5,1,2000,6619,0.4366295841433099,0.5617008623253048,1.0,0.0,0.4648411647915288
H101181,708800,2061,4,2,2017,7403,0.62255281421891,0.49390425215581324,0.75,0.5,0.5296988749172733
H101182,637747,1248,5,3,1991,4632,0.5498947243557427,0.25215581326196845,1.0,1.0,0.300463269358041
H101183,264424,1634,5,3,2006,5080,0.16813834416085752,0.36693428486470414,1.0,1.0,0.3375248180013236
H101184,351555,1409,5,1,2017,6263,0.25723763663081123,0.3000297353553375,1.0,0.0,0.43539046988749175
H101185,641115,2465,4,3,1987,4292,0.553338807598662,0.6140350877192983,0.75,1.0,0.27233620119126406
H101186,352626,1201,5,3,2011,3864,0.2583328305598987,0.23818019625334522,1.0,1.0,0.2369291859695566
H101187,466305,2246,4,1,1956,4044,0.3745798433187546,0.5489146595301814,0.75,0.0,0.25181998676373263
H101188,582507,2246,2,3,2020,8418,0.4934068507396905,0.5489146595301814,0.25,1.0,0.6136664460622104
H101189,354748,2714,1,1,1999,6795,0.26050276661734373,0.688076122509664,0.0,0.0,0.4794010589013898
H101190,515806,1595,2,1,2001,4413,0.4251990727153549,0.3553374962830806,0.25,0.0,0.2823461283917935
H101191,299896,2156,1,1,1975,7745,0.20441165793545207,0.5221528397264348,0.0,0.0,0.5579913964262078
H101192,409794,2940,2,1,1975,4524,0.3167922577663157,0.7552780255724056,0.25,0.0,0.2915287888815354
H101193,547967,1491,1,1,1968,2099,0.4580865908791104,0.32441272673208443,0.0,0.0,0.09091661151555261
H101194,261050,1032,1,2,1958,7393,0.1646881253777192,0.1879274457329765,0.0,0.5,0.5288716082064858
H101195,566071,859,3,2,2010,9292,0.47659956089983835,0.13648528099910795,0.5,0.5,0.685969556585043
H101196,497054,2156,1,1,1969,7116,0.40602346435097747,0.5221528397264348,0.0,0.0,0.5059563203176705
H101197,582873,858,1,2,1999,2225,0.49378111869304814,0.13618792744573296,0.0,0.5,0.10134017207147585
H101198,533587,1613,3,2,1971,5952,0.44338174615429454,0.36068986024382993,0.5,0.5,0.40966247518199866
H101199,704621,2018,5,3,1962,5450,0.6182794104563921,0.48111804936068986,1.0,1.0,0.3681336863004633
H101200,518783,1892,5,1,1961,6756,0.4282433232540042,0.44365150163544453,1.0,0.0,0.4761747187293183
H101201,435589,2012,3,2,1959,4305,0.34316996775773617,0.47933392804044006,0.5,0.5,0.2734116479152879
H101202,518344,1911,4,3,2014,5333,0.42779440622798237,0.44930121914956883,0.75,1.0,0.35845466578424884
H101203,581494,2439,1,3,1979,3159,0.4923709670327198,0.6063038953315492,0.0,1.0,0.17860688285903376
H101204,507329,1323,1,1,1957,6443,0.4165305769759763,0.2744573297650907,0.0,0.0,0.4502812706816678
H101205,506088,1461,3,1,1970,3234,0.41526154274068444,0.31549212013083555,0.5,0.0,0.18481138318994045
H101206,394701,1413,3,3,1971,6874,0.30135830634547794,0.30121914956883733,0.5,1.0,0.4859364659166115
H101207,400564,2215,4,1,1967,4498,0.3073537517294554,0.5396966993755575,0.75,0.0,0.28937789543348774
H101208,289609,2250,5,1,2015,1000,0.19389227423001526,0.5501040737436812,1.0,0.0,0.0
H101209,762436,2025,2,3,1997,7587,0.6774004534164222,0.4831995242343146,0.25,1.0,0.5449205823957644
H101210,313420,2391,5,3,1993,6988,0.2182411655890272,0.592030924769551,1.0,1.0,0.49536730641958965
H101211,396064,1210,1,1,1958,8705,0.30275209656522234,0.2408563782337199,0.0,0.0,0.6374090006618134
H101212,392238,2633,3,2,2016,1819,0.29883966708558773,0.663990484686292,0.5,0.5,0.06775314361350099
H101213,634238,2561,4,1,2003,4690,0.5463064559176775,0.6425810288432947,0.75,0.0,0.3052614162806089
H101214,455757,2167,5,2,1975,6263,0.3637935636137923,0.5254237288135594,1.0,0.5,0.43539046988749175
H101215,687161,2690,4,3,1975,7143,0.6004249884191678,0.6809396372286649,0.75,1.0,0.5081899404367968
H101216,398976,971,5,2,1983,3074,0.3057298787514994,0.16978887897710376,1.0,0.5,0.1715751158173395
H101217,541849,1537,1,3,1957,6862,0.45183038503582645,0.33809099018733274,0.0,1.0,0.48494374586366645
H101218,374697,1432,2,1,1959,4856,0.2809024152554072,0.3068688670829616,0.25,0.0,0.3189940436796823
H101219,821772,2160,4,1,1997,2289,0.738076855821963,0.5233422539399346,0.75,0.0,0.10663467902051621
H101220,321860,1274,4,3,2004,4498,0.22687182549705545,0.2598870056497175,0.75,1.0,0.28937789543348774
H101221,546473,2178,2,3,2003,7028,0.456558841364585,0.528694617900684,0.25,1.0,0.4986763732627399
H101222,595066,2485,4,3,1989,2373,0.5062495590080468,0.6199821587867975,0.75,1.0,0.1135837193911317
H101223,562069,2147,4,1,1964,7274,0.47250715557378037,0.5194766577460601,0.75,0.0,0.5190271343481139
H101224,472206,1941,5,1,1967,6566,0.3806141471241189,0.4582218257508177,1.0,0.0,0.46045665122435475
H101225,480526,1306,5,2,1972,5492,0.3891220962277676,0.2694023193577163,1.0,0.5,0.37160820648577103
H101226,506571,1376,2,3,2011,2729,0.41575545372831213,0.29021706809396375,0.25,1.0,0.14303441429516875
H101227,477949,2424,1,2,1995,2890,0.3864868817037168,0.6018435920309247,0.0,0.5,0.15635340833884845
H101228,644581,2189,4,1,1988,5203,0.556883104665158,0.5319655069878085,0.75,0.0,0.3477001985440106
H101229,831578,1780,1,2,1964,3750,0.7481043737198451,0.4103479036574487,0.0,0.5,0.22749834546657843
H101230,416376,1591,2,2,2002,5332,0.3235229453865339,0.3541480820695807,0.25,0.5,0.3583719391131701
H101231,294529,787,2,1,2013,7812,0.19892341720957676,0.11507582515611062,0.25,0.0,0.5635340833884844
H101232,486757,1264,5,1,2012,5453,0.3954938547451757,0.2569134701159679,1.0,0.0,0.3683818663136995
H101233,886956,2755,4,3,1965,5399,0.8047333647609338,0.7002676181980375,0.75,1.0,0.3639146260754467
H101234,379448,1159,3,2,2019,5400,0.28576074051880085,0.2256913470115968,0.5,0.5,0.3639973527465255
H101235,745867,1894,2,1,2015,8026,0.660457159101716,0.44424620874219445,0.25,0.0,0.5812375909993381
H101236,751655,2303,4,1,1962,8586,0.6663759102329563,0.5658638120725543,0.75,0.0,0.6275645268034414
H101237,416961,1172,1,2,1996,6843,0.3241211605578842,0.2295569432054713,0.0,0.5,0.4833719391131701
H101238,585347,1892,5,1,1958,6273,0.4963110064433398,0.44365150163544453,1.0,0.0,0.4362177365982793
H101239,744259,2268,1,3,2012,6459,0.6588128343230301,0.5554564377044305,0.0,1.0,0.45160489741892784
H101240,443130,1806,2,3,1983,8855,0.3508813192229543,0.4180790960451977,0.25,1.0,0.6498180013236268
H101241,469462,3234,2,2,1978,6952,0.3778081600639732,0.8426999702646447,0.25,0.5,0.4923891462607545
H101242,412747,965,1,3,1986,9044,0.3198119661440891,0.168004757656854,0.0,1.0,0.6654533421575116
H101243,347786,2329,2,1,1992,5161,0.25338349478325695,0.5735950044603033,0.25,0.0,0.3442256783587028
H101244,402608,1713,4,1,2013,3328,0.3094439257640537,0.3904252155813262,0.75,0.0,0.19258769027134348
H101245,316408,2185,2,1,1973,4661,0.22129666461807795,0.5307760927743087,0.25,0.0,0.30286234281932495
H101246,505112,2020,5,1,2020,4874,0.41426349486506414,0.4817127564674398,1.0,0.0,0.32048312375909993
H101247,384504,1433,4,2,1983,9209,0.29093095574332584,0.3071662206363366,0.75,0.5,0.6791032428855063
H101248,535067,1914,3,3,1997,7472,0.44489517940830897,0.4501932798096937,0.5,1.0,0.5354070152217075
H101249,266615,871,2,3,1961,4725,0.17037883893082076,0.1400535236396075,0.25,1.0,0.3081568497683653
H101250,549632,2101,2,1,1972,7616,0.45978920328987666,0.5057983942908117,0.25,0.0,0.5473196558570483
H101251,625029,1949,5,2,1962,5740,0.5368894242715836,0.4606006541778174,1.0,0.5,0.39212442091330246
H101252,200939,2119,5,1,1994,9269,0.1032192156938938,0.5111507582515611,1.0,0.0,0.6840668431502316
H101253,556108,2329,1,1,2014,5332,0.4664114963662263,0.5735950044603033,0.0,0.0,0.3583719391131701
H101254,684150,1983,1,2,1996,2922,0.5973459698192777,0.47071067499256614,0.0,0.5,0.15900066181336864
H101255,318553,1874,1,2,2007,5626,0.2234901202463624,0.4382991376746952,0.0,0.5,0.3826935804103243
H101256,750885,1359,5,1,1954,5333,0.6655885159048541,0.28516205768658937,1.0,0.0,0.35845466578424884
H101257,562852,1443,1,3,1954,3313,0.47330784357235695,0.3101397561700862,0.0,1.0,0.19134679020516215
H101258,394248,2393,1,1,2009,7171,0.30089507305894514,0.5926256318763009,0.0,0.0,0.510506287227002
H101259,491634,2518,3,3,1970,8849,0.40048102635316785,0.6297948260481713,0.5,1.0,0.6493216412971542
H101260,583749,1680,1,3,1973,3755,0.4946769075650188,0.38061254831995245,0.0,1.0,0.2279119788219722
H101261,511400,1823,2,2,1967,7945,0.4206935410145525,0.4231341064525721,0.25,0.5,0.574536730641959
H101262,580813,1347,5,2,1970,4786,0.4916745832178659,0.2815938150460898,1.0,0.5,0.3132031767041694
H101263,361898,2386,4,1,2003,5950,0.2678142853782918,0.5905441570026762,0.75,0.0,0.40949702183984116
H101264,525404,2132,3,3,1959,5740,0.4350138918856458,0.5150163544454356,0.5,1.0,0.39212442091330246
H101265,287942,2770,5,3,1973,5950,0.19218761663917605,0.7047279214986619,1.0,1.0,0.40949702183984116
H101266,483316,1360,5,1,2009,6946,0.3919751224295921,0.2854594112399643,1.0,0.0,0.49189278623428195
H101267,364413,1610,2,1,2006,3951,0.2703860993200799,0.359797799583705,0.25,0.0,0.24412640635340835
H101268,389670,1915,1,1,1972,8586,0.2962136558718654,0.4504906333630687,0.0,0.0,0.6275645268034414
H101269,685413,2123,2,2,1971,7007,0.5986375010353724,0.5123401724650609,0.25,0.5,0.49693911317008604
H101270,663696,1692,1,1,2017,7671,0.5764299132127836,0.384180790960452,0.0,0.0,0.5518696227663799
H101271,591370,1363,1,1,1983,4439,0.5024700662331567,0.2863514719000892,0.0,0.0,0.28449702183984116
H101272,336153,2240,5,3,2019,3770,0.2414877048886962,0.5471305382099316,1.0,1.0,0.22915287888815353
H101273,452538,2160,1,1,1977,8365,0.3605018462863109,0.5233422539399346,0.0,0.0,0.6092819324950364
H101274,681964,1341,3,3,1988,3684,0.5951105879994969,0.27980969372584,0.5,1.0,0.22203838517538055
H101275,521257,2477,3,3,1991,6298,0.4307732110042959,0.6176033303597978,0.5,1.0,0.4382859033752482
H101276,847899,2385,3,2,1972,8037,0.7647940657055002,0.5902468034493012,0.5,0.5,0.5821475843812045
H101277,558997,1867,5,1,2019,5746,0.46936575898166394,0.4362176628010705,1.0,0.0,0.392620780939775
H101278,528807,1839,2,1,1951,8340,0.4384937657798425,0.4278917633065715,0.25,0.0,0.6072137657180675
H101279,453632,2077,4,3,1973,5456,0.3616205597862378,0.49866190900981266,0.75,1.0,0.3686300463269358
H101280,520031,1369,1,2,1966,3445,0.42951951561955154,0.288135593220339,0.0,0.5,0.2022667107875579
H101281,477129,1815,4,2,2014,6748,0.38564835787378987,0.4207552780255724,0.75,0.5,0.4755129053606883
H101282,606216,723,2,1,2019,6396,0.5176514379149798,0.096045197740113,0.25,0.0,0.44639311714096624
H101283,643505,2238,2,3,2018,11375,0.555782797785888,0.5465358311031817,0.25,1.0,0.8582892124420913
H101284,382101,1019,5,1,2009,4109,0.28847367188562534,0.18406184953910198,1.0,0.0,0.25719722038385173
H101285,300315,2551,3,1,1999,5496,0.204840123160744,0.639607493309545,0.5,0.0,0.37193911317008604
H101286,224569,1634,3,1,1961,4538,0.1273830182562999,0.36693428486470414,0.5,0.0,0.292686962276638
H101287,576198,1694,2,1,1996,5715,0.4869553301994357,0.3847754980672019,0.25,0.0,0.39005625413633355
H101288,334495,1486,5,3,2016,5634,0.23979225060818543,0.32292595896520965,1.0,1.0,0.38335539377895433
H101289,177066,1655,5,2,2014,4255,0.0788069237526191,0.37317870948557835,1.0,0.5,0.2692753143613501
H101290,558286,2509,1,1,1976,6936,0.4686386974657151,0.6271186440677966,0.0,0.0,0.49106551952349436
H101291,873949,556,3,1,1997,5571,0.7914325361562272,0.0463871543264942,0.5,0.0,0.37814361350099274
H101292,499089,2438,2,1,2011,8690,0.4081044350752473,0.6060065417781743,0.25,0.0,0.636168100595632
H101293,625773,1969,4,1,1993,4702,0.5376502312587368,0.4665477252453167,0.75,0.0,0.3062541363335539
H101294,512274,1196,3,2,1968,9722,0.4215872847064502,0.2366934284864704,0.5,0.5,0.721542025148908
H101295,485166,1262,1,2,2008,6551,0.39386691399711016,0.25631876300921796,0.0,0.5,0.45921575115817337
H101296,637861,2638,5,2,1957,8542,0.5500112996199032,0.6654772524531668,1.0,0.5,0.6239245532759762
H101297,456458,1327,2,2,2004,6230,0.36451039922937617,0.27564674397859057,0.25,0.5,0.4326604897418928
H101298,540108,1223,3,1,1996,4438,0.4500500557822865,0.2447219744275944,0.5,0.0,0.28441429516876243
H101299,548254,2368,4,3,1951,5472,0.4583800742195849,0.5851917930419268,0.75,1.0,0.3699536730641959
H101300,399786,1969,1,2,1988,3226,0.30655817668106133,0.4665477252453167,0.0,0.5,0.1841495698213104
H101301,648806,1331,1,2,1994,5776,0.5612035475693546,0.2768361581920904,0.0,0.5,0.39510258107213764
H101302,473756,1908,3,1,1981,6344,0.38219916168068807,0.44840915848944396,0.5,0.0,0.44209133024487096
H101303,386638,1287,4,1,2014,6091,0.2931131628812088,0.263752601843592,0.75,0.0,0.42116148246194574
H101304,580476,2350,1,1,1987,8660,0.49132997037556664,0.5798394290811775,0.0,0.0,0.6336863004632693
H101305,365229,2330,2,1,1960,5701,0.2712205327898608,0.5738923580136782,0.25,0.0,0.388898080741231
H101306,504227,2066,1,3,1959,2212,0.41335850268276497,0.4953910199226881,0.0,1.0,0.10026472534745202
H101307,498632,1980,4,3,2008,13088,0.4076371114285685,0.46981861433244126,0.75,1.0,1.0
H101308,662884,2680,5,2,2004,4618,0.5755995701031487,0.6779661016949152,1.0,0.5,0.29930509596293847
H101309,571204,1799,5,3,1969,7937,0.4818485155571735,0.415997621171573,1.0,1.0,0.573874917273329
H101310,496245,1209,3,2,1966,2991,0.405196189011452,0.24055902468034493,0.5,0.5,0.16470880211780278
H101311,622664,2024,4,2,2017,6490,0.5344709988352699,0.48290217068093966,0.75,0.5,0.4541694242223693
H101312,708531,2843,1,3,1954,4410,0.6222777374990924,0.7264347308950342,0.0,1.0,0.28209794837855723
H101313,583671,1292,1,2,2009,1000,0.4945971455421721,0.26523936961046685,0.0,0.5,0.0
H101314,501552,1619,5,1,1972,5434,0.4106230743351375,0.3624739815640797,1.0,0.0,0.3668100595632032
H101315,303224,2008,5,2,1995,5899,0.20781483757691155,0.47814451382694023,1.0,0.5,0.4052779616148246
H101316,340232,1773,2,1,2001,5562,0.24565884964756435,0.40826642878382396,0.25,0.0,0.37739907346128393
H101317,454216,1308,5,3,1959,6486,0.3622177523675516,0.26999702646446627,1.0,1.0,0.45383851753805426
H101318,408573,2360,2,3,1995,5460,0.31554367533175376,0.5828129646149272,0.25,1.0,0.3689609530112508
H101319,471954,2960,1,2,1977,6138,0.38035645443492183,0.7612250966399049,0.0,0.5,0.4250496360026473
H101320,508497,1898,2,1,1992,6340,0.4177249621386039,0.44543562295569433,0.25,0.0,0.44176042356055595
H101321,579453,1347,2,2,1975,5929,0.490283860768231,0.2815938150460898,0.25,0.5,0.4077597617471873
H101322,489425,1025,3,3,2004,5658,0.39822212496254766,0.18584597085935176,0.5,1.0,0.38534083388484447
H101323,572975,1928,5,2,1997,4212,0.4836595225118084,0.4543562295569432,1.0,0.5,0.2657180675049636
H101324,509671,2351,2,2,1978,7188,0.4189254828414505,0.5801367826345525,0.25,0.5,0.5119126406353408
H101325,203680,2037,1,1,1976,5434,0.10602213498393,0.48676776687481416,0.0,0.0,0.3668100595632032
H101326,359099,1798,4,3,1967,5272,0.26495205586613885,0.41570026761819806,0.75,1.0,0.35340833884844475
H101327,478386,1505,2,2,2009,7024,0.38693375354966564,0.32857567647933394,0.25,0.5,0.4983454665784249
H101328,318545,1253,5,1,2018,6423,0.22348193952607043,0.2536425810288433,1.0,0.0,0.44862673726009267
H101329,589989,2217,3,2,1970,4603,0.5010578693927553,0.5402914064823074,0.5,0.5,0.2980641958967571
H101330,729612,2256,1,1,1973,8501,0.6438349580584697,0.551888195063931,0.0,0.0,0.6205327597617472
H101331,682814,1027,3,1,1952,3621,0.5959797895305187,0.1864406779661017,0.5,0.0,0.21682660489741892
H101332,467983,2594,4,2,2011,3937,0.37629574939999527,0.6523936961046685,0.75,0.5,0.24296823295830575
H101333,723608,2087,2,3,1951,7336,0.6376953274793462,0.5016354445435623,0.25,1.0,0.5241561879549967
H101334,522300,2499,2,3,2015,9502,0.4318397724123615,0.624145108534047,0.25,1.0,0.7033421575115817
H101335,449437,1128,5,1,1991,4845,0.35733079458313605,0.21647338685697295,1.0,0.0,0.318084050297816
H101336,407989,1117,2,3,1983,6825,0.31494648275043996,0.21320249776984834,0.25,1.0,0.4818828590337525
H101337,454629,1725,1,1,1991,3615,0.36264008205262455,0.39399345822182574,0.0,0.0,0.2163302448709464
H101338,441773,2051,4,3,1969,4142,0.3494936645434289,0.4909307166220636,0.75,1.0,0.2599272005294507
H101339,525562,2698,3,2,2017,8264,0.4351754611114122,0.6833184656556646,0.5,0.5,0.600926538716082
H101340,524086,2153,4,3,1994,6731,0.43366611821754375,0.5212607790663099,0.75,1.0,0.47410655195234946
H101341,500456,1678,2,1,1991,8326,0.40950231565513767,0.3800178412132025,0.25,0.0,0.6060555923229649
H101342,565540,1286,3,1,1996,8172,0.47605656559045884,0.26345524829021705,0.5,0.0,0.5933156849768365
H101343,678596,2415,5,3,1954,1820,0.5916665047565776,0.5991674100505501,1.0,1.0,0.06783587028457976
H101344,642433,1317,4,2,1998,3608,0.5546865812667641,0.27267320844484094,0.75,0.5,0.2157511581733951
H101345,277265,2614,3,1,1986,6548,0.1812694228195057,0.6583407671721677,0.5,0.0,0.45896757114493714
H101346,116911,1657,3,1,1983,2605,0.017293020107187886,0.37377341659232827,0.5,0.0,0.13277630708140303
H101347,640147,2595,3,1,2022,3891,0.5523489404433337,0.6526910496580434,0.5,0.0,0.23916280608868298
H101348,294968,2139,1,1,2019,8853,0.1993723342355986,0.5170978293190603,0.0,0.0,0.6496525479814692
H101349,466285,1731,4,1,1967,4916,0.3745593915180247,0.39577757954207554,0.75,0.0,0.3239576439444077
H101350,324483,1540,3,2,1968,7420,0.22955407916278509,0.3389830508474576,0.5,0.5,0.5311052283256121
H101351,229702,1629,4,3,1989,5943,0.13263197291363513,0.3654475170978293,0.75,1.0,0.40891793514228986
H101352,581219,2014,3,2,1966,4640,0.49208975477268335,0.47992863514719003,0.5,0.5,0.3011250827266711
H101353,613873,1838,5,2,2009,2671,0.5254814098244315,0.42759440975319657,1.0,0.5,0.13823626737260092
H101354,413523,1503,5,1,1991,6466,0.3206054960124102,0.327980969372584,1.0,0.0,0.45218398411647914
H101355,111343,1717,5,2,2021,8909,0.011599238783976833,0.39161462979482603,1.0,0.5,0.6542852415618795
H101356,418063,1839,2,1,2014,4696,0.3252480547781031,0.4278917633065715,0.25,0.0,0.3057577763070814
H101357,558770,735,3,2,2002,6137,0.4691336310433793,0.09961344038061255,0.5,0.5,0.4249669093315685
H101358,278163,2029,2,1,1956,2960,0.18218770867227932,0.48438893844781444,0.25,0.0,0.16214427531436135
H101359,527503,1310,4,1,1954,4655,0.4371603083722514,0.2705917335712162,0.75,0.0,0.30236598279285243
H101360,497703,1223,2,2,1973,6681,0.4066871252846635,0.2447219744275944,0.25,0.5,0.46997021839841163
H101361,586893,956,4,2,1977,7487,0.497891930639763,0.16532857567647932,0.75,0.5,0.5366479152878888
H101362,517937,903,4,3,2011,7111,0.4273782120831284,0.14956883734760631,0.75,1.0,0.5055426869622767
H101363,354039,1122,4,3,1966,1936,0.25977775028146793,0.21468926553672316,0.75,1.0,0.07743216412971542
H101364,679485,1445,2,3,1969,5086,0.5925755872990227,0.3107344632768362,0.25,1.0,0.3380211780277962
H101365,476220,2776,3,2,1952,4065,0.3847188235306148,0.7065120428189117,0.5,0.5,0.2535572468563865
H101366,495904,1537,2,2,1986,5381,0.40484748580900676,0.33809099018733274,0.25,0.5,0.3624255459960291
H101367,360009,1888,3,1,1964,5777,0.26588261279935044,0.4424620874219447,0.5,0.0,0.3951853077432164
H101368,433507,2000,3,3,2000,8132,0.341040935301751,0.4757656853999405,0.5,1.0,0.5900066181336863
H101369,367279,1865,4,1,1997,6590,0.2733168423646781,0.4356229556943205,0.75,0.0,0.4624420913302449
H101370,474058,1761,2,1,1957,8835,0.3825079838717099,0.4046981861433244,0.25,0.0,0.6481634679020516
H101371,756756,1202,3,1,1962,4600,0.6715921420091235,0.2384775498067202,0.5,0.0,0.29781601588352086
H101372,294214,2525,5,1,1997,3165,0.19860130134808043,0.631876300921796,1.0,0.0,0.17910324288550628
H101373,257965,2703,3,3,1952,8910,0.1615334351151283,0.6848052334225394,0.5,1.0,0.6543679682329583
H101374,720675,958,5,1,2014,6866,0.6346960709023027,0.16592328278322926,1.0,0.0,0.48527465254798147
H101375,468601,1287,2,2,2022,4513,0.37692771004255,0.263752601843592,0.25,0.5,0.29061879549966907
H101376,399639,1660,2,2,1980,6875,0.30640785594569636,0.3746654772524532,0.25,0.5,0.4860191925876903
H101377,655985,1317,2,2,1975,7670,0.5685447214413611,0.27267320844484094,0.25,0.5,0.5517868960953011
H101378,409157,2052,3,3,2005,6238,0.31614086791306756,0.49122807017543857,0.5,1.0,0.43332230311052283
H101379,773901,1435,1,1,1983,4541,0.6891244481848515,0.30776092774308655,0.0,0.0,0.2929351422898743
H101380,601688,2882,3,3,1958,5117,0.5130211502297248,0.7380315194766578,0.5,1.0,0.34058570483123757
H101381,426813,2395,3,1,2011,6581,0.33419571759744515,0.5932203389830508,0.5,0.0,0.4616975512905361
H101382,823596,1906,4,3,1962,6397,0.7399420600485321,0.44781445138269405,0.75,1.0,0.446475843812045
H101383,409142,2313,4,3,2018,8424,0.3161255290625201,0.5688373476063039,0.75,1.0,0.614162806088683
H101384,611314,2352,3,1,1990,5448,0.5228646019210377,0.5804341361879275,0.5,0.0,0.3679682329583058
H101385,544893,1518,5,3,1950,4072,0.454943149106921,0.33244127267320844,1.0,1.0,0.2541363335539378
H101386,695261,1391,4,1,1996,11154,0.6087079677147874,0.29467737139458816,0.75,0.0,0.8400066181336863
H101387,734226,1839,3,2,1953,6348,0.6485531884868633,0.4278917633065715,0.5,0.5,0.442422236929186
H101388,504800,2230,1,2,2012,7668,0.4139444467736773,0.544157002676182,0.0,0.5,0.5516214427531436
H101389,386987,1869,5,2,2001,7043,0.29347004680394595,0.4368123699078204,1.0,0.5,0.4999172733289212
H101390,568995,1011,2,3,1959,6373,0.4795896141665533,0.1816830211121023,0.25,1.0,0.4444904037061549
H101391,398342,1398,3,2,1977,5544,0.30508155666836073,0.2967588462682129,0.5,0.5,0.3759099933818663
H101392,802008,1763,3,1,1955,1000,0.7178663863406514,0.40529289325007434,0.5,0.0,0.0
H101393,520480,1762,5,2,1976,3873,0.4299786585459383,0.4049955396966994,1.0,0.5,0.2376737260092654
H101394,445201,2786,4,2,1961,6658,0.352999103188538,0.7094855783526614,0.75,0.5,0.4680675049636003
H101395,527702,1107,4,3,2011,1000,0.43736380378951417,0.21022896223609872,0.75,1.0,0.0
H101396,297931,2052,4,1,2001,6143,0.20240226851373697,0.49122807017543857,0.75,0.0,0.425463269358041
H101397,354257,2544,2,3,1997,7322,0.2600006749094241,0.6375260184359203,0.25,1.0,0.5229980145598941
H101398,680062,2935,5,3,2016,7666,0.593165621750081,0.7537912578055308,1.0,1.0,0.5514559894109861
H101399,401465,1597,5,1,1995,7196,0.3082751053523385,0.3559322033898305,1.0,0.0,0.5125744540039708
H101400,342963,2045,4,3,1964,7916,0.24845154303723557,0.48914659530181387,0.75,1.0,0.572137657180675
H101401,580497,2084,4,1,2020,9211,0.4913514447663331,0.5007433838834374,0.75,0.0,0.6792686962276638
H101402,677855,1897,1,2,1985,8192,0.5909087655395339,0.4451382694023194,0.0,0.5,0.5949702183984117
H101403,607842,1750,1,1,1963,6393,0.5193141693143227,0.40142729705619984,0.0,0.0,0.44614493712772996
H101404,649407,2017,3,1,1952,5730,0.5618181241812888,0.4808206958073149,0.5,0.0,0.3912971542025149
H101405,386480,533,3,1,2016,6229,0.2929515936554424,0.03954802259887006,0.5,0.0,0.432577763070814
H101406,286728,2141,5,3,1968,5449,0.1909461923348696,0.5176925364258103,1.0,1.0,0.3680509596293845
H101407,725200,1863,5,1,2003,8235,0.6393232908174482,0.4350282485875706,1.0,0.0,0.5985274652547982
H101408,451598,1688,2,1,2018,7144,0.3595406116520044,0.3829913767469521,0.25,0.0,0.5082726671078756
H101409,462375,2823,2,1,1959,5237,0.3705610644753244,0.7204876598275349,0.25,0.0,0.3505129053606883
H101410,699229,1462,1,2,1982,8648,0.6127656049796044,0.3157894736842105,0.0,0.5,0.6326935804103243
H101411,583434,1598,3,1,1962,5416,0.49435479170352253,0.35622955694320546,0.5,0.0,0.36532097948378556
H101412,568383,2795,1,3,2000,4108,0.4789637890642176,0.712161760333036,0.0,1.0,0.257114493712773
H101413,824750,1383,1,1,1981,5978,0.7411221289506488,0.29229854296758845,0.0,0.0,0.4118133686300463
H101414,403472,1524,3,1,1973,4351,0.31032744355558645,0.33422539399345824,0.5,0.0,0.27721707478491064
H101415,639176,1726,2,2,1984,7872,0.5513560055178959,0.3942908117752007,0.25,0.5,0.5684976836532097
H101416,508551,2220,3,1,2019,4309,0.4177801820005747,0.5411834671424324,0.5,0.0,0.2737425545996029
H101417,540288,1903,4,3,1989,5769,0.4502341219888558,0.4469223907225691,0.75,1.0,0.3945234943745864
H101418,729270,1153,4,1,2003,7879,0.643485232265988,0.22390722569134702,0.75,0.0,0.5690767703507611
H101419,576175,1533,4,3,1993,4575,0.4869318106285963,0.3369015759738329,0.75,1.0,0.29574784910655194
H101420,580744,1496,5,2,2011,6822,0.4916040245053476,0.3258994944989593,1.0,0.5,0.4816346790205162
H101421,660876,1761,2,1,2017,4053,0.5735462093098642,0.4046981861433244,0.25,0.0,0.25256452680344144
H101422,445257,2012,2,2,1982,6488,0.3530563682305818,0.47933392804044006,0.25,0.5,0.45400397088021177
H101423,374118,2009,5,1,2005,7134,0.2803103356242759,0.4784418673803152,1.0,0.0,0.5074454003970881
H101424,343278,911,1,3,1985,5915,0.24877365889873188,0.151947665774606,0.0,1.0,0.4066015883520847
H101425,205046,2331,4,2,2003,6067,0.10741899297378386,0.5741897115670532,0.75,0.5,0.4191760423560556
H101426,808431,1926,4,1,1968,6887,0.7244344821450667,0.4537615224501933,0.75,0.0,0.4870119126406353
H101427,334518,2492,1,3,1992,5438,0.23981577017902483,0.6220636336604223,0.0,1.0,0.3671409662475182
H101428,466811,2022,3,2,1961,7779,0.3750972738772217,0.4823074635741897,0.5,0.5,0.5608041032428855
H101429,458478,2350,3,1,1960,8742,0.36657603110309855,0.5798394290811775,0.5,0.0,0.6404698874917273
H101430,546111,2033,2,2,2019,4148,0.4561886637713734,0.4855783526613143,0.25,0.5,0.26042356055592325
H101431,622360,2473,5,1,1961,9534,0.5341601314641751,0.6164139161462979,1.0,0.0,0.7059894109861019
H101432,629071,2061,2,3,1990,5393,0.5410227331991013,0.49390425215581324,0.25,1.0,0.3634182660489742
H101433,412538,1751,3,3,1974,9988,0.3195982448264614,0.4017246506095748,0.5,1.0,0.7435473196558571
H101434,474931,2936,1,2,1952,5420,0.38340070497357115,0.7540886113589057,0.0,0.5,0.36565188616810057
H101435,542386,2244,2,2,1952,7414,0.4523795158854249,0.5483199524234315,0.25,0.5,0.5306088682991397
H101436,462696,2086,4,1,1977,7404,0.37088931587703966,0.5013380909901873,0.75,0.0,0.5297816015883521
H101437,741101,1161,4,3,1972,5225,0.6555834949877749,0.2262860541183467,0.75,1.0,0.3495201853077432
H101438,573646,1155,1,1,1997,6145,0.48434568042629733,0.22450193279809694,0.0,0.0,0.4256287227001985
H101439,610231,1946,3,3,2016,8879,0.5217571369115123,0.45970859351769255,0.5,1.0,0.6518034414295168
H101440,599432,1872,4,2,1991,5355,0.5107141871073894,0.4377044305679453,0.75,0.5,0.36027465254798147
H101441,676021,1492,4,1,1989,5164,0.5890333354125997,0.3247100802854594,0.75,0.0,0.3444738583719391
H101442,527153,1870,5,1,1955,3693,0.4368024018594777,0.43710972346119537,1.0,0.0,0.22278292521508936
H101443,305475,2594,2,3,1969,9135,0.21011668774906458,0.6523936961046685,0.25,1.0,0.6729814692256784
H101444,559953,2147,3,3,1960,5038,0.47034335505655434,0.5194766577460601,0.5,1.0,0.33405029781601586
H101445,402296,1229,2,3,1976,8399,0.3091248776726669,0.24650609574784418,0.25,1.0,0.6120946393117142
H101446,420707,1744,3,2,1970,4797,0.32795178283459914,0.39964317573595004,0.5,0.5,0.31411317008603573
H101447,587954,1397,4,1,1962,8337,0.4989768986684855,0.29646149271483796,0.75,0.0,0.6069655857048313
H101448,685742,1606,5,3,1984,7613,0.5989739331573797,0.3586083853702052,1.0,1.0,0.547071475843812
H101449,503190,1593,2,2,1996,5543,0.41229807681491837,0.3547427891763307,0.25,0.5,0.37582726671078753
H101450,546324,1561,4,3,1977,4531,0.4564064754491471,0.3452274754683318,0.75,1.0,0.2921078755790867
H101451,755332,1172,3,1,1970,4693,0.670135973797153,0.2295569432054713,0.5,0.0,0.3055095962938451
H101452,536112,1736,2,3,1967,4668,0.44596378599644754,0.3972643473089503,0.25,1.0,0.30344142951687625
H101453,890252,1519,2,1,1980,8130,0.8081038215212254,0.3327386262265834,0.25,0.0,0.5898411647915288
H101454,584826,400,4,2,2009,6320,0.4957782370343253,0.0,0.75,0.5,0.4401058901389808
H101455,235885,2826,2,2,1986,3769,0.13895464710929137,0.7213797204876599,0.25,0.5,0.22907015221707477
H101456,613001,2344,5,3,1970,5495,0.5245897113126068,0.5780553077609277,1.0,1.0,0.37185638649900726
H101457,557173,1611,5,1,1963,5737,0.4675005547550948,0.36009515313708,1.0,0.0,0.3918762409000662
H101458,693462,1809,4,1,2009,1722,0.6068683282391306,0.41897115670532264,0.75,0.0,0.05972865651886168
H101459,600977,1214,3,1,1972,5606,0.512294088713776,0.24204579244721974,0.5,0.0,0.3810390469887492
H101460,479231,2647,4,3,1978,7446,0.387797842130505,0.6681534344335415,0.75,1.0,0.5332561217736598
H101461,316355,2748,5,1,1996,5724,0.22124246734614367,0.6981861433244128,1.0,0.0,0.39080079417604235
H101462,468646,1878,1,1,1979,6508,0.3769737265941923,0.4394885518881951,0.0,0.0,0.4556585043017869
H101463,372421,2311,1,1,1987,6969,0.2785750003323418,0.568242640499554,0.0,0.0,0.4937954996690933
H101464,412921,1887,2,1,1976,5314,0.31998989681043943,0.44216473386856975,0.25,0.0,0.3568828590337525
H101465,588286,1131,2,3,1964,7461,0.4993163985606023,0.21736544751709783,0.25,1.0,0.5344970218398412
H101466,750485,1594,1,3,2008,8914,0.6651794798902556,0.35504014272970563,0.0,1.0,0.6546988749172733
H101467,559200,1865,5,1,1952,2952,0.4695733447590727,0.4356229556943205,1.0,0.0,0.1614824619457313
H101468,320617,1572,2,1,1959,5310,0.22560074608169062,0.34849836455545646,0.25,0.0,0.3565519523494375
H101469,566690,1690,4,2,1966,10659,0.4772325441324295,0.3835860838537021,0.75,0.5,0.7990569159497022
H101470,679494,1754,4,2,1960,6341,0.5925847906093512,0.40261671126969967,0.75,0.5,0.4418431502316347
H101471,408532,1759,5,1,1997,5930,0.3155017491402574,0.4041034790365745,1.0,0.0,0.40784248841826604
H101472,479897,1826,2,1,1954,5483,0.3884788870948115,0.424026167112697,0.25,0.0,0.3708636664460622
H101473,502203,1269,4,2,2018,8548,0.41128878044889655,0.2584002378828427,0.75,0.5,0.6244209133024488
H101474,382265,1441,2,2,2013,4122,0.2886413766516107,0.3095450490633363,0.25,0.5,0.25827266710787555
H101475,597242,1157,2,1,1963,7852,0.5084747149274625,0.22509663990484685,0.25,0.0,0.5668431502316347
H101476,481857,2288,4,3,1999,5446,0.3904831635663441,0.5614035087719298,0.75,1.0,0.36780277961614827
H101477,562929,747,1,3,1975,4500,0.47338658300516717,0.10318168302111211,0.0,1.0,0.28954334877564525
H101478,366876,2376,4,1,2021,5537,0.2729047385799701,0.5875706214689266,0.75,0.0,0.375330906684315
H101479,434381,2493,5,1,2018,5907,0.3419346789936487,0.6223609872137972,1.0,0.0,0.4059397749834547
H101480,608357,1648,3,2,1956,5004,0.5198408031831183,0.3710972346119536,0.5,0.5,0.3312375909993382
H101481,444075,498,4,2,1965,8225,0.3518476668074432,0.029140648230746358,0.75,0.5,0.5977001985440106
H101482,759044,1619,2,3,2004,4515,0.673931828012627,0.3624739815640797,0.25,1.0,0.29078424884182663
H101483,440054,1767,2,1,2005,6280,0.3477358322706919,0.40648230746357417,0.25,0.0,0.4367968232958306
H101484,533702,1294,4,2,1953,7074,0.4434993440084916,0.26583407671721676,0.75,0.5,0.5024818001323627
H101485,639888,1542,3,3,1997,6259,0.5520840896238811,0.3395777579542075,0.5,1.0,0.4350595632031767
H101486,287245,2565,4,3,1966,7544,0.19147487138373817,0.6437704430567945,0.75,1.0,0.5413633355393779
H101487,235878,2132,3,3,1985,5132,0.1389474889790359,0.5150163544454356,0.5,1.0,0.34182660489741895
H101488,271151,1337,3,2,2019,7245,0.1750173073363677,0.2786202795123402,0.5,0.5,0.5166280608868299
H101489,689387,1001,5,2,1987,7304,0.6027012738404085,0.17870948557835267,1.0,0.5,0.5215089344804765
H101490,417221,1636,2,1,2011,7936,0.32438703396737323,0.36752899197145406,0.25,0.0,0.5737921906022502
H101491,883729,1693,2,1,1997,2228,0.8014334667131604,0.38447814451382695,0.25,0.0,0.1015883520847121
H101492,415362,2048,3,3,1959,7018,0.3224860390895267,0.49003865596193874,0.5,1.0,0.49784910655195236
H101493,527682,1532,2,3,1985,7802,0.4373433519887842,0.3366042224204579,0.25,1.0,0.5627068166776968
H101494,731316,2055,1,2,1978,5177,0.6455774514806593,0.4921201308355635,0.0,0.5,0.34554930509596293
H101495,800913,2767,3,2,1953,4904,0.716746650250688,0.703835860838537,0.5,0.5,0.3229649238914626
H101496,809225,2207,2,1,1993,4597,0.7252464186340447,0.5373178709485579,0.25,0.0,0.29756783587028457
H101497,681254,1775,1,1,2005,3935,0.5943845490735845,0.4088611358905739,0.0,0.0,0.24280277961614824
H101498,653609,1708,5,1,1991,7331,0.566115047514646,0.38893844781445136,1.0,0.0,0.523742554599603
H101499,588879,1621,2,2,1962,10563,0.4999227944522445,0.36306868867082964,0.25,0.5,0.7911151555261416
H101500,616754,2390,1,3,1995,4887,0.5284274917195771,0.591733571216176,0.0,1.0,0.32155857048312375
H101501,417322,1486,4,1,1982,5066,0.32449031556105934,0.32292595896520965,0.75,0.0,0.33636664460622107
H101502,377270,1822,4,1,1970,6030,0.28353353941931203,0.42283675289919714,0.75,0.0,0.41611515552614164
H101503,499493,1825,1,2,2006,2796,0.4085175614499918,0.423728813559322,0.0,0.5,0.1485771012574454
H101504,474472,1549,3,1,2018,4608,0.3829313361468194,0.3416592328278323,0.5,0.0,0.2984778292521509
H101505,432015,1113,3,3,2019,5886,0.3395152309672986,0.2120130835563485,0.5,1.0,0.4042025148908008
H101506,604458,1961,2,2,2016,4212,0.5158537246308195,0.46416889681831697,0.25,0.5,0.2657180675049636
H101507,643295,1769,4,1,1997,8394,0.5555680538782238,0.40707701457032414,0.75,0.0,0.6116810059563204
H101508,513261,2050,3,1,1982,3412,0.422596581072472,0.49063336306868865,0.5,0.0,0.19953673064195895
H101509,721629,1533,3,2,1985,7802,0.6356716217971202,0.3369015759738329,0.5,0.5,0.5627068166776968
H101510,328746,2410,4,2,1982,8937,0.23391338048836854,0.5976806422836753,0.75,0.5,0.6566015883520847
H101511,470951,1361,5,1,1980,6763,0.37933079662831615,0.2857567647933393,1.0,0.0,0.4767538054268696
H101512,392476,2656,3,3,1970,5725,0.29908304351427384,0.6708296164139161,0.5,1.0,0.39088352084712114
H101513,220019,926,1,2,1976,6492,0.12273023359024203,0.15640796907523044,0.0,0.5,0.4543348775645268
H101514,487597,2017,2,3,2021,5118,0.3963528303758325,0.4808206958073149,0.25,1.0,0.34066843150231635
H101515,481737,2037,3,1,2011,1927,0.39036045276196457,0.48676776687481416,0.5,0.0,0.07668762409000662
H101516,727017,1402,3,3,1975,4041,0.6411813369137619,0.29794826048171275,0.5,1.0,0.25157180675049634
H101517,594621,2012,5,1,2015,5977,0.5057945064418059,0.47933392804044006,1.0,0.0,0.4117306419589676
H101518,346371,2439,1,1,1961,4118,0.25193652988161475,0.6063038953315492,0.0,0.0,0.25794176042356054
H101519,778113,691,2,1,1971,5173,0.6934315974185737,0.08652988403211419,0.25,0.0,0.3452183984116479
H101520,683155,2051,3,1,1966,6958,0.596328492732964,0.4909307166220636,0.5,0.0,0.492885506287227
H101521,587314,553,2,3,1956,6290,0.4983224410451279,0.045495093666369314,0.25,1.0,0.4376240900066181
H101522,466027,1317,4,1,2017,8116,0.37429556328860863,0.27267320844484094,0.75,0.0,0.5886829913964262
H101523,356084,2614,3,1,1986,6588,0.26186894690610274,0.6583407671721677,0.5,0.0,0.4622766379880874
H101524,444168,1509,3,3,1987,6705,0.3519427676808374,0.3297650906928338,0.5,1.0,0.47195565850430177
H101525,663312,1213,4,2,1960,4575,0.5760372386387691,0.24174843889384479,0.75,0.5,0.29574784910655194
H101526,782687,1701,5,3,1950,3337,0.6981089242455075,0.38685697294082666,1.0,1.0,0.1933322303110523
H101527,731486,2833,3,3,1974,5174,0.6457512917868636,0.7234611953612846,0.5,1.0,0.34530112508272665
H101528,426672,884,2,3,1991,4545,0.3340515324022992,0.14391911983348202,0.25,1.0,0.2932660489741893
H101529,332057,1274,1,1,2001,5666,0.2372991760992076,0.2598870056497175,0.0,0.0,0.3860026472534745
H101530,521132,2548,2,1,1973,3867,0.4306453872497339,0.6387154326494202,0.25,0.0,0.23717736598279285
H101531,234734,2728,5,1,2002,7684,0.13777764597728417,0.6922390722569135,1.0,0.0,0.5529450694904037
H101532,548475,1748,1,2,2005,4538,0.4586060666176505,0.40083258994944987,0.0,0.5,0.292686962276638
H101533,477859,1180,2,1,2012,5272,0.38639484860043216,0.231935771632471,0.25,0.0,0.35340833884844475
H101534,430094,2847,2,2,1957,5959,0.33755083550718934,0.727624145108534,0.25,0.5,0.41024156187954997
H101535,260794,2597,4,1,2008,8246,0.16442634232837616,0.6532857567647934,0.75,0.0,0.5994374586366644
H101536,577040,2139,5,3,1994,9517,0.48781635101016557,0.5170978293190603,1.0,1.0,0.7045830575777631
H101537,420094,1393,4,1,1976,9654,0.32732493514222694,0.2952720785013381,0.75,0.0,0.7159166115155526
H101538,324512,1775,1,2,2001,3436,0.2295837342738435,0.4088611358905739,0.0,0.5,0.20152217074784912
H101539,100000,1719,4,2,1967,5253,0.0,0.392209336901576,0.75,0.5,0.35183653209794835
H101540,495872,1965,5,1,1965,4873,0.4048147629278389,0.46535831103181685,1.0,0.0,0.3204003970880212
H101541,765837,2525,3,3,2015,6740,0.6808782821305459,0.631876300921796,0.5,1.0,0.4748510919920582
H101542,749188,2239,3,1,1954,6618,0.66385318061292,0.5468331846565566,0.5,0.0,0.46475843812045003
H101543,431435,1261,1,1,1952,4833,0.33892212874613076,0.256021409455843,0.0,0.0,0.31709133024487096
H101544,409668,2488,3,1,2019,4676,0.31666341142171717,0.6208742194469223,0.5,0.0,0.3041032428855063
H101545,570316,1956,4,3,1956,4005,0.48094045560476484,0.4626821290514422,0.75,1.0,0.24859364659166114
H101546,350242,2143,1,2,1999,1000,0.2558949759128917,0.5182872435325602,0.0,0.5,0.0
H101547,545268,2533,5,3,1963,3403,0.45532662037060706,0.6342551293487957,1.0,1.0,0.19879219060225017
H101548,614912,1244,1,2,1987,7733,0.5265438808723512,0.2509663990484686,0.0,0.5,0.5569986763732627
H101549,684039,1782,1,2,1996,8929,0.5972324623252265,0.41094261076419863,0.0,0.5,0.6559397749834547
H101550,484976,1534,2,2,1982,8695,0.3936726218901759,0.33719892952720787,0.25,0.5,0.6365817339510258
H101551,469448,1016,2,3,1992,7818,0.37779384380346226,0.1831697888789771,0.25,1.0,0.564030443414957
H101552,368302,1973,1,1,1978,3976,0.27436295197201377,0.4677371394588165,0.0,0.0,0.24619457313037724
H101553,375967,3055,3,1,2006,3637,0.2822011046017574,0.7894736842105263,0.5,0.0,0.21815023163467903
H101554,466028,879,2,1,1954,2377,0.37429658587864517,0.1424323520666072,0.25,0.0,0.11391462607544672
H101555,555104,1783,5,1,2009,4833,0.4653848159695841,0.4112399643175736,1.0,0.0,0.31709133024487096
H101556,637037,2120,4,1,2019,6174,0.5491686854298303,0.5114481118049361,0.75,0.0,0.42802779616148245
H101557,379523,1861,2,3,1951,3984,0.28583743477153806,0.4344335414808207,0.25,1.0,0.2468563864990073
H101558,723903,1743,1,3,2019,6862,0.6379969915401126,0.3993458221825751,0.0,1.0,0.48494374586366645
H101559,459331,1150,3,3,1992,7303,0.3674483004042298,0.22301516503122212,0.5,1.0,0.5214262078093977
H101560,496794,1916,4,3,1953,5051,0.40575759094148844,0.4507879869164437,0.75,1.0,0.3351257445400397
H101561,387918,1421,2,3,2005,3319,0.294422078127924,0.30359797799583704,0.25,1.0,0.19184315023163467
H101562,136363,705,3,3,2008,8761,0.03718444149711272,0.09069283377936366,0.5,1.0,0.6420416942422237
H101563,632606,2397,3,3,1958,6070,0.5446375889781155,0.5938150460898007,0.5,1.0,0.41942422236929183
H101564,610526,2279,3,1,1952,9882,0.5220588009722786,0.5587273267915551,0.5,0.0,0.734778292521509
H101565,457800,1825,1,2,1997,6184,0.3658827150583541,0.423728813559322,0.0,0.5,0.42885506287227004
H101566,510048,1914,5,3,1992,6324,0.41931099928520954,0.4501932798096937,1.0,1.0,0.44043679682329584
H101567,577390,2337,3,2,1950,4071,0.48817425752293925,0.575973832887303,0.5,0.5,0.25405360688285905
H101568,265618,1912,4,3,2006,5152,0.16935931666443402,0.4495985727029438,0.75,1.0,0.343481138318994
H101569,420642,2252,2,3,2002,2882,0.32788531448222685,0.5506987808504311,0.25,1.0,0.1556915949702184
H101570,619139,1651,4,1,1965,3312,0.5308663689566208,0.3719892952720785,0.75,0.0,0.1912640635340834
H101571,311856,2455,1,2,2000,7482,0.2166418347719471,0.6110615521855486,0.0,0.5,0.536234281932495
H101572,544033,1960,1,1,2004,5434,0.4540637216755342,0.463871543264942,0.0,0.0,0.3668100595632032
H101573,296512,1897,4,1,1950,5154,0.2009512132519488,0.4451382694023194,0.75,0.0,0.3436465916611516
H101574,569964,1164,5,2,1977,4519,0.4805805039119182,0.2271781147784716,1.0,0.5,0.29111515552614164
H101575,494653,1943,1,1,2002,5228,0.40356822567335,0.4588165328575676,0.0,0.0,0.3497683653209795
H101576,257730,1384,1,3,2007,8266,0.1612931264565517,0.2925958965209634,0.0,1.0,0.6010919920582396
H101577,674710,1480,4,3,2022,6288,0.5876927198747531,0.32114183764495985,0.75,1.0,0.4374586366644606
H101578,389811,1392,1,3,2009,3639,0.29635784106701135,0.2949747249479631,0.0,1.0,0.21831568497683654
H101579,378462,1266,5,3,2008,8060,0.2847524667428155,0.2575081772227178,1.0,1.0,0.5840502978160159
H101580,530085,2862,5,3,1971,9450,0.4398006358464847,0.7320844484091585,1.0,1.0,0.6990403706154864
H101581,672295,2465,5,1,1957,6989,0.5852231649366147,0.6140350877192983,1.0,0.0,0.49545003309066843
H101582,347626,2760,2,1,1998,7782,0.25321988037741755,0.7017543859649122,0.25,0.0,0.5610522832561218
H101583,509251,1188,5,3,1991,8441,0.41849599502612206,0.23431460005947072,1.0,1.0,0.6155691594970218
H101584,564322,1835,5,3,1976,2686,0.4748110509260064,0.42670234909307164,1.0,1.0,0.13947716743878227
H101585,603965,1153,2,1,1988,9728,0.5153495877428268,0.22390722569134702,0.25,0.0,0.7220383851753805
H101586,526466,1452,3,2,1974,8197,0.4360998825044048,0.3128159381504609,0.5,0.5,0.5953838517538055
H101587,444945,1340,1,1,1987,6977,0.35273732013919495,0.27951234017246507,0.0,0.0,0.4944573130377234
H101588,375861,2419,5,1,1973,5749,0.28209271005788883,0.6003568242640499,1.0,0.0,0.39286896095301127
H101589,512921,1601,1,1,1973,3325,0.42224890046006325,0.35712161760333033,0.0,0.0,0.19233951025810722
H101590,339179,2334,4,1,2009,5337,0.2445820623391338,0.5750817722271782,0.75,0.0,0.35878557246856385
H101591,100000,2102,1,1,1999,6896,0.0,0.5060957478441868,0.0,0.0,0.4877564526803441
H101592,565483,2951,2,2,2015,3791,0.4759982779583785,0.7585489146595302,0.25,0.5,0.2308901389808074
H101593,635590,1060,1,3,1963,5860,0.5476889976470203,0.19625334522747548,0.0,1.0,0.40205162144275314
H101594,145560,2429,1,3,2002,3632,0.04658920206276862,0.6033303597977996,0.0,1.0,0.21773659827928524
H101595,348540,2373,1,2,1981,5230,0.25415452767077507,0.5866785608088017,0.0,0.5,0.349933818663137
H101596,592873,1313,3,3,1997,3294,0.5040070190580105,0.27148379423134106,0.5,1.0,0.18977498345466579
H101597,808624,2303,3,3,1988,3084,0.7246318420221104,0.5658638120725543,0.5,1.0,0.17240238252812706
H101598,503119,1968,4,3,1989,6680,0.41222547292232714,0.4662503716919417,0.75,1.0,0.4698874917273329
H101599,390799,1686,2,2,1991,4840,0.29736816002306965,0.3823966696402022,0.25,0.5,0.31767041694242226
H101600,472565,1388,1,2,1957,5028,0.38098125694722107,0.2937853107344633,0.0,0.5,0.33322303110522833
H101601,706231,1440,1,3,1975,4733,0.6199257804151511,0.30924769550996134,0.0,1.0,0.30881866313699535
H101602,403105,2824,1,3,1961,11446,0.30995215301219237,0.72078501338091,0.0,1.0,0.864162806088683
H101603,380121,1800,1,3,1992,7214,0.2864489436133628,0.416294974724948,0.0,1.0,0.5140635340833885
H101604,427588,2191,3,1,2000,7429,0.33498822487572977,0.5325602140945584,0.5,0.0,0.5318497683653209
H101605,357000,1404,4,1,2012,4449,0.2628056393795333,0.29854296758846266,0.75,0.0,0.28532428855062875
H101606,518400,1410,5,1,1998,7009,0.42785167127002616,0.30032708890871246,1.0,0.0,0.49710456651224355
H101607,743701,2340,2,2,1976,5544,0.6582422290826652,0.5768658935474279,0.25,0.5,0.3759099933818663
H101608,548461,1125,1,3,1958,4433,0.45859175035713956,0.21558132619684806,0.0,1.0,0.28400066181336864
H101609,462146,1592,4,2,1988,9858,0.3703268913569667,0.3544454356229557,0.75,0.5,0.7327928524156188
H101610,456228,1817,5,2,2014,7145,0.364275203520982,0.42134998513232236,1.0,0.5,0.5083553937789543
H101611,265521,1855,4,2,2020,7044,0.1692601254308939,0.4326494201605709,0.75,0.5,0.5
H101612,632466,1710,3,3,2020,4056,0.544494426373006,0.38953315492120133,0.5,1.0,0.2528127068166777
H101613,488324,1997,5,1,1956,3459,0.39709625333236526,0.47487362473981565,1.0,0.0,0.2034248841826605
H101614,472928,2146,4,3,2021,5884,0.38135245713046917,0.5191793041926851,0.75,1.0,0.4040370615486433
H101615,978966,2167,3,3,2016,4852,0.8988218740189526,0.5254237288135594,0.5,1.0,0.3186631369953673
H101616,544812,1307,4,2,1959,7225,0.4548603193139648,0.2696996729110913,0.75,0.5,0.5149735274652548
H101617,387231,1657,4,2,2020,7358,0.29371955877285105,0.37377341659232827,0.75,0.5,0.5259761747187294
H101618,436046,2397,5,2,2002,6131,0.34363729140441496,0.5938150460898007,1.0,0.5,0.424470549305096
H101619,672266,2247,3,1,2006,7655,0.5851935098255564,0.5492120130835564,0.5,0.0,0.5505459960291198
H101620,516990,1113,1,1,1976,6386,0.4264098193185665,0.2120130835563485,0.0,0.0,0.4455658504301787
H101621,284258,1975,2,1,2003,4256,0.1884203949447239,0.4683318465655665,0.25,0.0,0.26935804103242883
H101622,637884,810,5,3,1953,5603,0.5500348191907427,0.12191495688373476,1.0,1.0,0.3807908669755129
H101623,399778,1823,3,2,1972,6271,0.3065499959607694,0.4231341064525721,0.5,0.5,0.4360522832561218
H101624,780994,2748,4,3,1997,7857,0.6963776793137194,0.6981861433244128,0.75,1.0,0.5672567835870285
H101625,662007,1326,3,1,1991,6449,0.5747027586411415,0.27534939042521556,0.5,0.0,0.4507776307081403
H101626,432901,1382,2,2,1952,4857,0.3404212457396343,0.2920011894142135,0.25,0.5,0.3190767703507611
H101627,692152,2182,2,1,1952,7932,0.6055287352913206,0.5298840321141838,0.25,0.0,0.5734612839179352
H101628,510178,1028,1,2,1977,6761,0.41944393598995405,0.18673803151947665,0.0,0.5,0.4765883520847121
H101629,627916,1483,1,2,2012,9091,0.5398416417069481,0.3220338983050847,0.0,0.5,0.6693414956982131
H101630,572709,2098,2,3,1980,6174,0.48338751356210036,0.5049063336306869,0.25,1.0,0.42802779616148245
H101631,373046,1482,5,3,1959,3925,0.2792141191051519,0.32173654475170976,1.0,1.0,0.24197551290536068
H101632,403467,1682,5,1,1998,8353,0.310322330605404,0.38120725542670236,1.0,0.0,0.6082892124420913
H101633,654494,2172,4,3,1970,4846,0.5670200396969453,0.5269104965804341,0.75,1.0,0.3181667769688948
H101634,449783,2010,1,3,2002,6590,0.35768461073576374,0.47873922093369015,0.0,1.0,0.4624420913302449
H101635,439452,1933,4,3,2003,6371,0.34712023306872114,0.455842997323818,0.75,1.0,0.44432495036399733
H101636,356731,1630,1,2,2006,6091,0.2625305626597158,0.36574487065120426,0.0,0.5,0.42116148246194574
H101637,563539,1985,2,3,1969,5660,0.4740103629274299,0.4713053820993161,0.25,1.0,0.385506287227002
H101638,809378,1738,5,1,1998,2695,0.7254028749096286,0.39785905441570024,1.0,0.0,0.14022170747849105
H101639,339870,2028,5,2,1956,3995,0.2452886720543527,0.4840915848944395,1.0,0.5,0.2477663798808736
H101640,503632,1551,2,2,1978,8244,0.4127500616110497,0.3422539399345822,0.25,0.5,0.599272005294507
H101641,711833,1708,4,3,1997,6857,0.625654329799603,0.38893844781445136,0.75,1.0,0.48453011250827266
H101642,488053,1305,4,2,1962,9818,0.3968191314324748,0.26910496580434135,0.75,0.5,0.7294837855724685
H101643,567855,1782,3,1,1952,3924,0.4784238615249476,0.41094261076419863,0.5,0.0,0.24189278623428193
H101644,340640,1394,1,1,1951,5938,0.2460760663824548,0.29556943205471303,0.0,0.0,0.4085043017868961
H101645,564246,1242,4,2,1965,8326,0.4747333340832327,0.2503716919417187,0.75,0.5,0.6060555923229649
H101646,471928,1929,2,3,1955,4868,0.380329867093973,0.45465358311031817,0.25,1.0,0.3199867637326274
H101647,647859,1906,4,3,1994,5029,0.5602351548047927,0.44781445138269405,0.75,1.0,0.33330575777630705
H101648,678107,2191,5,2,2020,5413,0.5911664582287309,0.5325602140945584,1.0,0.5,0.3650727994705493
H101649,888434,1584,1,1,1954,5109,0.8062447528348752,0.352066607195956,0.0,0.0,0.33992389146260754
H101650,586944,2004,3,2,2005,7063,0.4979440827316243,0.4769550996134404,0.5,0.5,0.5015718067504964
H101651,548869,2075,1,3,2020,2439,0.45900896709203004,0.49806720190306275,0.0,1.0,0.11904367968232958
H101652,529157,2022,5,3,1981,9285,0.4388516722926162,0.4823074635741897,1.0,1.0,0.6853904698874917
H101653,447025,1387,5,2,1998,4080,0.3548643074151071,0.29348795718108833,1.0,0.5,0.25479814692256786
H101654,550772,1874,5,1,1962,1765,0.4609549559314824,0.4382991376746952,1.0,0.0,0.06328590337524818
H101655,455689,1982,5,2,1979,5979,0.36372402749131055,0.4704133214391912,1.0,0.5,0.4118960953011251
H101656,525269,1803,2,1,1974,5245,0.4348758422307188,0.41718703538507285,0.25,0.0,0.3511747187293183
H101657,697639,756,3,1,2009,5644,0.6111396868215754,0.10585786500148676,0.5,0.0,0.38418266048974187
H101658,349018,1880,5,2,2008,6625,0.2546433257082203,0.440083258994945,1.0,0.5,0.46533752481800134
H101659,670981,2906,5,2,1977,7289,0.5838794816286587,0.7451680047576569,1.0,0.5,0.5202680344142951
H101660,697567,1619,4,1,2007,9373,0.6110660603389477,0.3624739815640797,0.75,0.0,0.6926704169424223
H101661,482289,1435,3,1,1969,4619,0.39092492246211047,0.30776092774308655,0.5,0.0,0.2993878226340172
H101662,181721,1986,1,1,1983,7548,0.0835670803725091,0.47160273565269106,0.0,0.0,0.5416942422236929
H101663,408826,1956,3,1,1954,7417,0.3158023906109873,0.4626821290514422,0.5,0.0,0.5308570483123759
H101664,694549,2396,3,3,2009,1000,0.6079798836088021,0.5935176925364258,0.5,1.0,0.0
H101665,496569,1171,3,2,1992,4333,0.40552750818327676,0.22925958965209633,0.5,0.5,0.27572799470549303
H101666,350104,2165,5,1,2006,3426,0.2557538584878552,0.5248290217068095,1.0,0.0,0.20069490403706156
H101667,424283,2095,5,2,2006,6895,0.3316085648051097,0.504014272970562,1.0,0.5,0.4876737260092654
H101668,626093,1728,2,1,2003,6675,0.5379774600704156,0.3948855188819506,0.25,0.0,0.4694738583719391
H101669,582010,1969,1,2,1994,6715,0.4928986234915519,0.4665477252453167,0.0,0.5,0.47278292521508936
H101670,464160,2314,4,2,1986,5388,0.37238638769047017,0.5691347011596789,0.75,0.5,0.3630046326935804
H101671,444976,2236,3,1,1997,5590,0.3527690204303263,0.5459411239964318,0.5,0.0,0.3797154202514891
H101672,441236,1228,1,1,2003,5942,0.3489445336938304,0.24620874219446923,0.0,0.0,0.40883520847121113
H101673,361638,2210,1,2,1997,5197,0.2675484119688028,0.5382099316086827,0.0,0.5,0.34720383851753805
H101674,742306,1767,2,2,1955,7554,0.6568157159817529,0.40648230746357417,0.25,0.5,0.5421906022501655
H101675,451651,1836,4,2,1983,3860,0.35959480892393875,0.4269997026464466,0.75,0.5,0.23659827928524158
H101676,682573,1836,3,3,2012,4436,0.5957333453317231,0.4269997026464466,0.5,1.0,0.28424884182660487
H101677,728197,1724,4,1,1997,6242,0.6423879931568275,0.3936961046684508,0.75,0.0,0.43365320979483785
H101678,649746,2395,2,3,1972,5264,0.5621647822036611,0.5932203389830508,0.25,1.0,0.35274652547981467
H101679,435256,1758,5,3,1962,3782,0.3428294452755829,0.40380612548319955,1.0,1.0,0.23014559894109862
H101680,560559,1240,1,1,1996,7063,0.47096304461867106,0.24977698483496877,0.0,0.0,0.5015718067504964
H101681,496370,1603,3,1,1993,4855,0.40532401276601404,0.3577163247100803,0.5,0.0,0.3189113170086036
H101682,364444,1889,5,3,1981,4310,0.27041779961121126,0.44275944097531966,1.0,1.0,0.2738252812706817
H101683,548653,2414,2,1,1975,5651,0.45878808764414686,0.5988700564971752,0.25,0.0,0.38476174718729317
H101684,323144,2101,4,2,2002,4213,0.22818483110391663,0.5057983942908117,0.75,0.5,0.26580079417604235
H101685,678151,1374,1,2,1963,5931,0.5912114521903368,0.2896223609872138,0.0,0.5,0.4079252150893448
H101686,430307,3042,3,3,2001,5280,0.337768647184963,0.7856080880166518,0.5,1.0,0.3540701522170748
H101687,530173,1932,5,3,1985,4974,0.43989062376969634,0.45554564377044304,1.0,1.0,0.32875579086697554
H101688,542493,2437,5,1,1957,4987,0.45248893301933,0.6057091882247992,1.0,0.0,0.32983123759099936
H101689,461164,1724,1,1,1989,7991,0.3693227079411274,0.3936961046684508,0.0,0.0,0.5783421575115817
H101690,588004,2066,4,3,1971,6738,0.49902802817031033,0.4953910199226881,0.75,1.0,0.4746856386499007
H101691,428764,2219,2,3,1965,2581,0.3361907907586493,0.5408861135890574,0.25,1.0,0.1307908669755129
H101692,630694,2409,4,2,2009,7765,0.5426823968283347,0.5973832887303003,0.75,0.5,0.5596459298477829
H101693,298103,2328,4,2,2009,7033,0.2025781540000143,0.5732976509069283,0.75,0.5,0.4990900066181337
H101694,518956,2236,4,1,1959,6915,0.42842023133031804,0.5459411239964318,0.75,0.0,0.4893282594308405
H101695,790839,1642,1,2,1974,7775,0.7064450782230248,0.36931311329170385,0.0,0.5,0.5604731965585705
H101696,349950,1514,1,1,1980,6030,0.2555963796222348,0.3312518584597086,0.0,0.0,0.41611515552614164
H101697,398338,1966,2,1,1970,7240,0.30507746630821475,0.4656556645851918,0.25,0.0,0.5162144275314361
H101698,577086,2266,4,1,1982,5071,0.4878633901518444,0.5548617305976806,0.75,0.0,0.3367802779616148
H101699,526937,1688,1,2,1980,7695,0.43658152241159454,0.3829913767469521,0.0,0.5,0.55385506287227
H101700,552594,2332,2,3,1970,6436,0.46281811497797853,0.5744870651204282,0.25,1.0,0.4497021839841165
H101701,573378,2526,2,3,1985,3246,0.48407162629651634,0.6321736544751709,0.25,1.0,0.18580410324288552
H101702,595208,1341,4,2,2014,8072,0.5063947667932293,0.27980969372584,0.75,0.5,0.585043017868961
H101703,666454,1381,3,3,1953,5742,0.5792502165334402,0.29170383586083853,0.5,1.0,0.39228987425545997
H101704,561472,1729,4,1,2017,5463,0.47189666932199215,0.3951828724353256,0.75,0.0,0.3692091330244871
H101705,463811,1953,3,3,1953,5114,0.37202950376773297,0.46179006839131725,0.5,1.0,0.34033752481800134
H101706,600886,1537,2,2,1958,5261,0.5122010330204548,0.33809099018733274,0.25,0.5,0.35249834546657843
H101707,784982,2476,1,3,1979,6459,0.7004557683792664,0.6173059768064229,0.0,1.0,0.45160489741892784
H101708,480104,2012,5,1,1994,4024,0.3886905632323662,0.47933392804044006,1.0,0.0,0.2501654533421575
H101709,353820,1819,2,1,1953,2862,0.25955380306347525,0.42194469223907227,0.25,0.0,0.15403706154864327
H101710,666062,1082,1,2,2018,3871,0.5788493612391337,0.20279512340172465,0.0,0.5,0.2375082726671079
H101711,481942,1142,2,2,1972,6763,0.3905700837194463,0.2206363366042224,0.25,0.5,0.4767538054268696
H101712,174099,1940,4,2,1965,5676,0.07577289911433477,0.45792447219744276,0.75,0.5,0.3868299139642621
H101713,627113,733,3,1,1971,8226,0.5390205019076417,0.09901873327386262,0.5,0.0,0.5977829252150894
H101714,419700,2306,2,3,2021,5870,0.3269220346678474,0.5667558727326791,0.25,1.0,0.4028788881535407
H101715,486420,1720,1,3,1997,7685,0.3951492419028764,0.39250669045495096,0.0,1.0,0.5530277961614825
H101716,549797,3421,4,2,2011,4614,0.45995793064589857,0.8983050847457628,0.75,0.5,0.2989741892786234
H101717,528574,2953,5,3,2009,5129,0.43825550230133886,0.7591436217662801,1.0,1.0,0.34157842488418266
H101718,606417,1709,4,3,1954,6019,0.5178569785123156,0.3892358013678264,0.75,1.0,0.41520516214427533
H101719,434677,1746,3,2,1956,5706,0.34223736564445156,0.40023788284269995,0.5,0.5,0.38931171409662474
H101720,576965,2297,4,2,2000,5519,0.48773965675742836,0.5640796907523045,0.75,0.5,0.3738418266048974
H101721,461067,2651,5,1,2014,4255,0.3692235167075873,0.6693428486470413,1.0,0.0,0.2692753143613501
H101722,610821,980,1,1,1958,2828,0.522360465033045,0.17246506095747843,0.0,0.0,0.15122435473196558
H101723,592305,906,2,1,1994,7262,0.5034261879172807,0.1504608980077312,0.25,0.0,0.5180344142951687
H101724,359684,1488,3,1,1996,7038,0.2655502710374892,0.32352066607195956,0.5,0.0,0.4995036399735275
H101725,662897,2091,5,3,2016,4772,0.5756128637736231,0.5028248587570622,1.0,1.0,0.31204500330906687
H101726,419605,2048,3,3,1973,6757,0.32682488861438025,0.49003865596193874,0.5,1.0,0.4762574454003971
H101727,621208,2334,4,1,1959,5667,0.5329821077421314,0.5750817722271782,0.75,0.0,0.3860853739245533
H101728,555093,1200,3,1,2022,8212,0.4653735674791826,0.23788284269997026,0.5,0.0,0.5966247518199868
H101729,775727,641,5,2,1997,3375,0.6909916975914937,0.07166220636336604,1.0,0.5,0.196475843812045
H101730,466480,2229,2,3,1984,5746,0.37475879657514144,0.543859649122807,0.25,1.0,0.392620780939775
H101731,447602,1385,2,3,2003,5586,0.3554543418661655,0.29289325007433836,0.25,1.0,0.37938451356717406
H101732,497087,790,3,1,2020,6322,0.4060572098221818,0.1159678858162355,0.5,0.0,0.44027134348113833
H101733,454523,1872,1,3,1965,9074,0.3625316875087559,0.4377044305679453,0.0,1.0,0.6679351422898743
H101734,619991,2196,3,2,2002,5752,0.5317376156677155,0.5340469818614333,0.5,0.5,0.3931171409662475
H101735,257553,1738,4,2,1989,7486,0.16111212802009184,0.39785905441570024,0.75,0.5,0.53656518861681
H101736,341947,1571,2,3,1969,5704,0.24741259156015538,0.34820101100208145,0.25,1.0,0.38914626075446723
H101737,339829,1720,2,1,2018,8141,0.24524674586285636,0.39250669045495096,0.25,0.0,0.5907511581733951
H101738,642546,1614,2,3,1994,7505,0.5548021339408882,0.3609872137972049,0.25,1.0,0.5381369953673064
H101739,756592,1125,1,2,1955,5333,0.6714244372431382,0.21558132619684806,0.0,0.5,0.35845466578424884
H101740,484332,1442,1,1,2018,5189,0.3930140739066723,0.30984240261671125,0.0,0.0,0.34654202514890803
H101741,474676,2060,5,3,1998,6973,0.38313994451426464,0.4936068986024383,1.0,1.0,0.4941264063534083
H101742,510507,1960,3,1,1988,4689,0.41978036811196134,0.463871543264942,0.5,0.0,0.3051786896095301
H101743,674281,1884,3,1,1951,6381,0.5872540287490963,0.4412726732084448,0.5,0.0,0.4451522170747849
H101744,360897,1302,4,2,1988,5288,0.2667906727517591,0.2682129051442165,0.75,0.5,0.35473196558570486
H101745,535755,1709,2,1,1970,6736,0.4455987213534184,0.3892358013678264,0.25,0.0,0.4745201853077432
H101746,646279,711,1,3,1989,5677,0.5586194625471286,0.09247695509961344,0.0,1.0,0.3869126406353408
H101747,575164,1889,4,1,2003,4614,0.4858979721016986,0.44275944097531966,0.75,0.0,0.2989741892786234
H101748,528437,2514,4,1,1961,8210,0.43811540746633887,0.6286054118346714,0.75,0.0,0.5964592984778293
H101749,650156,1062,1,3,1986,6479,0.5625840441186245,0.1968480523342254,0.0,1.0,0.45325943084050296
H101750,100000,1507,3,2,1987,5892,0.0,0.32917038358608386,0.5,0.5,0.40469887491727335
H101751,601681,1964,2,2,1964,6839,0.5130139920994694,0.4650609574784419,0.25,0.5,0.48304103242885504
H101752,401888,2426,3,3,1956,2657,0.3087076609377764,0.6024382991376747,0.5,1.0,0.13707809397749834
H101753,225405,1575,4,3,1999,10180,0.12823790352681078,0.34939042521558134,0.75,1.0,0.7594308405029782
H101754,576680,1453,2,2,2014,6049,0.4874482185970269,0.31311329170383584,0.25,0.5,0.417686962276638
H101755,706048,815,5,1,2016,2073,0.6197386464384723,0.12340172465060957,1.0,0.0,0.08876571806750497
H101756,479382,1851,4,3,1993,8394,0.3879522532260159,0.43146000594707107,0.75,1.0,0.6116810059563204
H101757,642931,2821,3,1,1980,4497,0.5551958311049392,0.719892952720785,0.5,0.0,0.289295168762409
H101758,741841,1938,3,3,1992,8087,0.6563402116147822,0.45732976509069284,0.5,1.0,0.5862839179351423
H101759,697237,1788,3,2,1997,6243,0.6107286056269039,0.41272673208444843,0.5,0.5,0.4337359364659166
H101760,745994,1961,1,1,2010,2859,0.660587028036351,0.46416889681831697,0.0,0.0,0.153788881535407
H101761,611319,1794,4,1,1959,6522,0.5228697148712201,0.4145108534046982,0.75,0.0,0.4568166776968895
H101762,511315,1393,2,3,1978,6375,0.4206066208614503,0.2952720785013381,0.25,1.0,0.4446558570483124
H101763,259705,2211,3,1,1997,8303,0.16331274177863175,0.5385072851620577,0.5,0.0,0.6041528788881535
H101764,463090,1912,3,3,2011,7044,0.3712922163514192,0.4495985727029438,0.5,1.0,0.5
H101765,373513,1808,1,2,1962,3521,0.27969166865219564,0.4186738031519477,0.0,0.5,0.20855393778954334
H101766,825641,1312,2,1,1993,8004,0.7420332566731669,0.2711864406779661,0.25,0.0,0.5794176042356055
H101767,473617,2451,4,3,1996,5171,0.3820570216656151,0.6098721379720488,0.75,1.0,0.3450529450694904
H101768,518480,2132,5,1,2013,9440,0.4279334784729458,0.5150163544454356,1.0,0.0,0.6982131039046989
H101769,582722,1523,1,3,2002,5290,0.4936267075975372,0.3339280404400833,0.0,1.0,0.35489741892786236
H101770,506540,2300,4,3,1993,5577,0.41572375343718077,0.5649717514124294,0.75,1.0,0.37863997352746526
H101771,754257,1551,5,3,1977,4356,0.6690366895079195,0.3422539399345822,1.0,1.0,0.27763070814030444
H101772,406602,1408,3,2,1951,5002,0.3135281503698197,0.29973238180196254,0.5,0.5,0.3310721376571807
H101773,529191,1420,3,1,2006,4474,0.43888644035385704,0.3033006244424621,0.5,0.0,0.2873924553275976
H101774,388629,914,2,2,2006,8352,0.2951491396438728,0.1528397264347309,0.25,0.5,0.6082064857710126
H101775,301996,2035,5,3,1983,3336,0.20655909701209418,0.48617305976806424,1.0,1.0,0.19324950363997354
H101776,408234,884,3,3,2007,7609,0.31519701730938154,0.14391911983348202,0.5,1.0,0.546740569159497
H101777,494444,1185,3,2,2001,7657,0.4033545043557223,0.23342253939934582,0.5,0.5,0.5507114493712773
H101778,435604,762,2,2,1978,8755,0.3431853066082836,0.10764198632173655,0.25,0.5,0.6415453342157511
H101779,396136,1756,4,1,1984,6087,0.30282572304785005,0.4032114183764496,0.75,0.0,0.4208305757776307
H101780,289052,1724,3,3,1997,3946,0.19332269157968687,0.3936961046684508,0.5,1.0,0.24371277299801455
H101781,487534,1636,1,2,1982,5656,0.39628840720353325,0.36752899197145406,0.0,0.5,0.38517538054268696
H101782,274291,1278,1,3,2022,7189,0.17822824005096588,0.2610764198632174,0.0,1.0,0.5119953673064196
H101783,614008,1213,4,3,1958,6169,0.5256194594793585,0.24174843889384479,0.75,1.0,0.42761416280608866
H101784,512365,2032,5,1,1997,6733,0.42168034039977137,0.4852809991079393,1.0,0.0,0.47427200529450697
H101785,281367,1524,2,1,2016,8730,0.18546408714921328,0.33422539399345824,0.25,0.0,0.6394771674387822
H101786,453618,1958,1,1,1985,7164,0.36160624352572684,0.4632768361581921,0.0,0.0,0.5099272005294507
H101787,387176,1357,1,2,2020,6396,0.29366331632084375,0.28456735057983945,0.0,0.5,0.44639311714096624
H101788,547876,1890,4,3,1993,2311,0.4579935351857893,0.4430567945286946,0.75,1.0,0.10845466578424884
H101789,701067,2451,5,2,2009,4432,0.6146451254666845,0.6098721379720488,1.0,0.5,0.28391793514228986
H101790,218724,2093,5,2,2012,5190,0.1214059794929794,0.5034195658638121,1.0,0.5,0.34662475181998675
H101791,517253,1593,4,1,1954,2045,0.42667876049816494,0.3547427891763307,0.75,0.0,0.0864493712772998
H101792,475980,1928,1,3,1989,3781,0.3844734019218557,0.4543562295569432,0.0,1.0,0.23006287227001984
H101793,600701,1679,2,3,1968,5463,0.5120118538637031,0.38031519476657744,0.25,1.0,0.3692091330244871
H101794,531979,1803,1,1,1996,5788,0.44173742137560856,0.41718703538507285,0.0,0.0,0.39609530112508273
H101795,387204,1637,5,3,2014,7011,0.29369194884186567,0.367826345524829,1.0,1.0,0.49727001985440106
H101796,452141,1717,1,1,2016,5589,0.36009587804182186,0.39161462979482603,0.0,0.0,0.37963269358041035
H101797,380596,1906,2,2,1967,6496,0.2869346738806985,0.44781445138269405,0.25,0.5,0.45466578424884185
H101798,661401,1303,3,2,1999,5164,0.5740830690790247,0.26851025869759143,0.5,0.5,0.3444738583719391
H101799,503196,1292,1,1,1979,6084,0.4123042123551373,0.26523936961046685,0.0,0.0,0.42058239576439443
H101800,785178,1105,4,2,2015,6901,0.7006561960264196,0.2096342551293488,0.75,0.5,0.4881700860357379
H101801,490900,999,3,2,1954,8945,0.3997304452663796,0.17811477847160273,0.5,0.5,0.6572634017207147
H101802,393738,1191,4,1,1991,4970,0.30037355214033207,0.2352066607195956,0.75,0.0,0.32842488418266047
H101803,272942,1879,4,2,1954,6288,0.17684876609173247,0.43978590544157004,0.75,0.5,0.4374586366644606
H101804,229529,1353,4,3,1999,7738,0.13245506483732125,0.28337793636633957,0.75,1.0,0.5574123097286565
H101805,262379,2056,1,2,2007,3120,0.16604714753622268,0.49241748438893845,0.0,0.5,0.17538054268696227
H101806,540068,1817,5,1,1957,9995,0.45000915218082665,0.42134998513232236,1.0,0.0,0.7441264063534083
H101807,576308,815,3,3,1980,8358,0.4870678151034503,0.12340172465060957,0.5,1.0,0.6087028457974851
H101808,262821,2127,2,3,1961,2577,0.16649913233235403,0.5135295866785609,0.25,1.0,0.13045996029119789
H101809,634255,2205,5,2,1970,6742,0.5463238399482978,0.536723163841808,1.0,0.5,0.4750165453342158
H101810,427540,1303,1,3,2011,4871,0.33493914055397794,0.26851025869759143,0.0,1.0,0.32023494374586364
H101811,522018,2010,4,1,1982,5205,0.43155140202206954,0.47873922093369015,0.75,0.0,0.3478656518861681
H101812,741833,1371,2,3,1975,6701,0.6563320308944902,0.2887303003270889,0.25,1.0,0.47162475181998675
H101813,634525,1848,3,2,1989,8100,0.5465999392581519,0.4305679452869462,0.5,0.5,0.5873593646591662
H101814,459720,1167,5,2,2014,5068,0.3678460879284269,0.22807017543859648,1.0,0.5,0.3365320979483786
H101815,366321,903,5,3,2008,5095,0.2723372011097147,0.14956883734760631,1.0,1.0,0.33876571806750494
H101816,177227,1608,2,1,1964,6744,0.078971560748495,0.3592030924769551,0.25,0.0,0.4751819986763733
H101817,392127,1738,1,1,1950,7143,0.29872615959153664,0.39785905441570024,0.0,0.0,0.5081899404367968
H101818,468330,1601,3,2,1960,3985,0.3766505881426595,0.35712161760333033,0.5,0.5,0.24693911317008604
H101819,351923,1207,2,2,2004,9447,0.25761394976424185,0.23996431757359502,0.25,0.5,0.6987921906022502
H101820,480311,1600,4,1,1951,4713,0.3889022393699209,0.3568242640499554,0.75,0.0,0.30716412971542023
H101821,511527,1934,3,3,2014,7929,0.4208234099491875,0.45614035087719296,0.5,1.0,0.5732131039046989
H101822,466271,1777,5,3,1993,6903,0.37454507525751374,0.4094558429973238,1.0,1.0,0.4883355393778954
H101823,402499,1891,2,3,1965,7212,0.30933246345007565,0.4433541480820696,0.25,1.0,0.513898080741231
H101824,525298,1464,5,3,1971,4752,0.4349054973417772,0.3163841807909605,1.0,1.0,0.31039046988749175
H101825,566291,2385,5,1,1967,2552,0.4768245307078675,0.5902468034493012,1.0,0.0,0.128391793514229
H101826,336440,1211,5,2,1996,5957,0.2417811882291706,0.24115373178709484,1.0,0.5,0.41007610853739246
H101827,711639,2043,1,2,1979,5965,0.6254559473325227,0.48855188819506395,0.0,0.5,0.4107379219060225
H101828,485211,2390,5,3,1959,4083,0.3939129305487525,0.591733571216176,1.0,1.0,0.2550463269358041
H101829,502827,2040,4,1,2007,7835,0.4119268766316702,0.487659827534939,0.75,0.0,0.5654367968232958
H101830,606232,1698,4,1,2011,5896,0.5176677993555637,0.38596491228070173,0.75,0.0,0.40502978160158837
H101831,534982,1535,3,3,1955,4381,0.4448082592552068,0.3374962830805828,0.5,1.0,0.27969887491727335
H101832,642970,2318,5,3,2016,7170,0.5552357121163626,0.5703241153731787,1.0,1.0,0.5104235605559232
H101833,543068,1088,5,3,1990,7223,0.4530769222903154,0.20457924472197442,1.0,1.0,0.5148080741230973
H101834,408134,1314,2,2,1992,4567,0.3150947583057319,0.271781147784716,0.25,0.5,0.2950860357379219
H101835,554225,1601,1,3,1967,8466,0.46448595932750386,0.35712161760333033,0.0,1.0,0.6176373262739907
H101836,328441,2418,3,2,2007,10486,0.2336014905272372,0.600059470710675,0.5,0.5,0.7847452018530774
H101837,516283,1989,5,1,2009,3819,0.4256868481627636,0.47249479631281593,1.0,0.0,0.23320648577101258
H101838,495015,1315,2,1,1976,5632,0.4039384032665616,0.272078501338091,0.25,0.0,0.3831899404367968
H101839,468782,1644,1,2,2017,6674,0.37711279883915577,0.36990782039845377,0.0,0.5,0.46939113170086033
H101840,480719,1492,3,2,1971,10560,0.3893194561048114,0.3247100802854594,0.5,0.5,0.7908669755129054
H101841,217722,1445,3,2,1973,4532,0.12038134427641017,0.3107344632768362,0.5,0.5,0.29219060225016547
H101842,417691,2289,5,2,1989,4120,0.3248676512845265,0.5617008623253048,1.0,0.5,0.25810721376571805
H101843,513926,1114,3,3,2015,4107,0.42327660344674195,0.21231043710972347,0.5,1.0,0.2570317670416942
H101844,523978,2604,2,1,1989,8442,0.43355567849360216,0.655367231638418,0.25,0.0,0.6156518861681006
H101845,345848,2214,3,3,1955,4584,0.2514017152925272,0.5393993458221826,0.5,1.0,0.29649238914626075
H101846,689856,2345,4,2,1967,4299,0.6031808685675252,0.5783526613143027,0.75,0.5,0.27291528788881536
H101847,370073,1568,2,3,1979,6461,0.2761739589266486,0.3473089503419566,0.25,1.0,0.45177035076108535
H101848,645418,1725,1,3,1970,6616,0.5577390125257053,0.39399345822182574,0.0,1.0,0.46459298477829253
H101849,564079,1083,1,1,2011,8142,0.47456256154713783,0.2030924769550996,0.0,0.0,0.5908338848444739
H101850,403065,1537,5,3,1959,6183,0.3099112494107325,0.33809099018733274,1.0,1.0,0.42877233620119126
H101851,766296,2046,5,1,1962,6497,0.6813476509572977,0.4894439488551888,1.0,0.0,0.4547485109199206
H101852,320954,2448,4,2,1958,5789,0.22594535892398987,0.6089800773119238,0.75,0.5,0.39617802779616146
H101853,637873,1246,1,3,2017,3391,0.5500235707003412,0.25156110615521854,0.0,1.0,0.1977994705493051
H101854,650087,1617,1,2,1988,5600,0.5625134854061062,0.36187927445732976,0.0,0.5,0.3805426869622766
H101855,399406,1724,1,1,1973,6125,0.3061695924671928,0.3936961046684508,0.0,0.0,0.4239741892786234
H101856,708869,1102,1,2,1983,5112,0.6226233729314282,0.2087421944692239,0.0,0.5,0.34017207147584383
H101857,462493,2095,3,2,2010,2871,0.37068173009963096,0.504014272970562,0.5,0.5,0.15478160158835208
H101858,543304,1438,2,1,1990,3730,0.45331825353892846,0.3086529884032114,0.25,0.0,0.2258438120450033
H101859,539048,1702,2,2,1954,5921,0.44896611034360046,0.3871543264942016,0.25,0.5,0.40709794837855723
H101860,479853,1574,4,2,1999,7865,0.38843389313320564,0.3490930716622064,0.75,0.5,0.5679185969556585
H101861,621621,1405,3,2,1953,9364,0.5334044374272043,0.2988403211418377,0.5,0.5,0.6919258769027135
H101862,619023,1796,1,3,2000,5632,0.5307477485123872,0.4151055605114481,0.0,1.0,0.3831899404367968
H101863,237720,1692,1,2,2001,4566,0.14083109982626196,0.384180790960452,0.0,0.5,0.29500330906684313
H101864,695651,1614,5,1,1988,5254,0.6091067778290209,0.3609872137972049,1.0,0.0,0.35191925876902713
H101865,250626,1435,5,3,1957,3907,0.1540286468372824,0.30776092774308655,1.0,1.0,0.2404864328259431
H101866,654881,1959,4,3,1994,7575,0.5674157820410692,0.46357418971156705,0.75,1.0,0.5439278623428193
H101867,669005,2626,1,1,1977,10275,0.5818588437165422,0.6619090098126673,0.0,0.0,0.7672898742554599
H101868,336355,1869,4,2,1976,4614,0.24169426807606842,0.4368123699078204,0.75,0.5,0.2989741892786234
H101869,438377,2298,3,3,2014,3615,0.34602094877948764,0.5643770443056795,0.5,1.0,0.2163302448709464
H101870,334144,1104,2,3,1983,8012,0.23943332150537525,0.20933690157597384,0.25,1.0,0.5800794176042356
H101871,467761,1878,1,3,2011,6636,0.37606873441189315,0.4394885518881951,0.0,1.0,0.46624751819986765
H101872,453794,1251,3,2,2011,6669,0.36178621937215016,0.2530478739220934,0.5,0.5,0.4689774983454666
H101873,616949,1061,1,3,1987,9176,0.5286268967766939,0.19655069878085044,0.0,1.0,0.6763732627399074
H101874,696546,1430,5,1,1975,3267,0.610021995911685,0.3062741599762117,1.0,0.0,0.1875413633355394
H101875,709352,2395,4,2,1973,3211,0.6231172839190559,0.5932203389830508,0.75,0.5,0.18290866975512907
H101876,415674,2275,5,1,1988,5676,0.32280508718091355,0.5575379125780553,1.0,0.0,0.3868299139642621
H101877,468616,1921,2,1,1970,6126,0.37694304889309743,0.45227475468331846,0.25,0.0,0.4240569159497022
H101878,247484,1033,5,3,1996,5290,0.15081566894261123,0.18822479928635147,1.0,1.0,0.35489741892786236
H101879,379119,1701,1,3,1997,10921,0.28542430839679356,0.38685697294082666,0.0,1.0,0.8207313037723362
H101880,644727,1950,5,3,1962,5379,0.5570324028104865,0.4608980077311924,1.0,1.0,0.3622600926538716
H101881,742337,1887,1,1,1952,4898,0.6568474162728842,0.44216473386856975,0.0,0.0,0.32246856386499007
H101882,314847,878,2,2,1981,6248,0.21970040157110735,0.14213499851323225,0.25,0.5,0.43414956982131037
H101883,411130,1354,5,3,1984,7941,0.31815843805507465,0.2836752899197145,1.0,1.0,0.574205823957644
H101884,496039,1767,4,3,1968,4549,0.4049855354639338,0.40648230746357417,0.75,1.0,0.2935969556585043
H101885,542024,2068,4,1,1963,5706,0.4520093382922133,0.495985727029438,0.75,0.0,0.38931171409662474
H101886,378559,701,4,2,1997,7998,0.2848516579763557,0.08950341956586381,0.75,0.5,0.578921244209133
H101887,563609,1718,5,1,2017,8109,0.47408194422998456,0.391911983348201,1.0,0.0,0.588103904698875
H101888,428924,1871,5,3,1994,6435,0.3363544051644887,0.4374070770145703,1.0,1.0,0.4496194573130377
H101889,497832,2224,5,1,1968,10836,0.40681903939937153,0.5423728813559322,1.0,0.0,0.813699536730642
H101890,581942,2146,1,3,2013,9961,0.4928290873690701,0.5191793041926851,0.0,1.0,0.7413136995367307
H101891,500963,2091,2,2,2015,3187,0.41002076880364124,0.5028248587570622,0.25,0.5,0.1809232296492389
H101892,434542,1400,4,1,2015,2616,0.3420993159895246,0.29735355337496283,0.75,0.0,0.13368630046326935
H101893,483558,845,1,3,1994,7591,0.39222258921842423,0.13232233125185847,0.0,1.0,0.5452514890800794
H101894,486745,1603,4,3,2016,8730,0.39548158366473773,0.3577163247100803,0.75,1.0,0.6394771674387822
H101895,444498,2300,1,3,2018,5550,0.35228022239288115,0.5649717514124294,0.0,1.0,0.37640635340833883
H101896,461180,2496,5,3,1952,4995,0.3693390693817114,0.6232530478739221,1.0,1.0,0.3304930509596294
H101897,739797,2155,4,1,1987,4359,0.6542500375801839,0.5218554861730598,0.75,0.0,0.2778788881535407
H101898,584137,2014,5,3,1991,3663,0.4950736724991794,0.47992863514719003,1.0,1.0,0.22030112508272667
H101899,455677,1989,4,1,1989,8272,0.3637117564108726,0.47249479631281593,0.75,0.0,0.6015883520847121
H101900,604543,1521,3,3,1999,5237,0.5159406447839217,0.3333333333333333,0.5,1.0,0.3505129053606883
H101901,449927,1734,1,1,1984,6603,0.3578318637010192,0.3966696402022004,0.0,0.0,0.4635175380542687
H101902,675968,2634,3,1,1973,2348,0.5889791381406655,0.664287838239667,0.5,0.0,0.11151555261416281
H101903,555446,1328,1,3,1966,8004,0.4657345417620658,0.2759440975319655,0.0,1.0,0.5794176042356055
H101904,483904,2607,2,3,1989,7175,0.39257640537105193,0.656259292298543,0.25,1.0,0.510837193911317
H101905,567157,1638,4,3,2015,3310,0.47771009367947326,0.36812369907820397,0.75,1.0,0.19109861019192587
H101906,264368,2462,2,3,1993,6518,0.1680810791188137,0.6131430270591733,0.25,1.0,0.4564857710125745
H101907,330984,1096,2,2,1972,6009,0.23620193699004713,0.20695807314897413,0.25,0.5,0.41437789543348774
H101908,320911,2092,1,3,1955,5099,0.22590138755242054,0.5031222123104371,0.0,1.0,0.33909662475182
H101909,521441,1431,3,3,2015,1000,0.4309613675710112,0.30657151352958667,0.5,1.0,0.0
H101910,759877,1092,5,3,1970,4679,0.6747836455130283,0.20576865893547427,1.0,1.0,0.30435142289874256
H101911,834695,1909,1,1,1984,6604,0.7512917868636039,0.4487065120428189,0.0,0.0,0.46360026472534743
H101912,595707,2304,5,3,1978,4902,0.5069050392214408,0.5661611656259292,1.0,1.0,0.3227994705493051
H101913,575126,1377,2,1,1956,5556,0.48585911368031176,0.2905144216473387,0.25,0.0,0.3769027134348114
H101914,229841,1050,5,1,2002,8993,0.13277411292870808,0.19327980969372585,1.0,0.0,0.661234281932495
H101915,418598,1754,3,1,1986,5844,0.3257951404476286,0.40261671126969967,0.5,0.0,0.40072799470549303
H101916,381832,1756,1,1,1972,1806,0.28819859516580787,0.4032114183764496,0.0,0.0,0.06667769688947717
H101917,406872,2074,3,2,1957,5630,0.3138042496796737,0.4977698483496878,0.5,0.5,0.3830244870946393
H101918,474778,2274,3,3,1997,6198,0.38324424869798723,0.5572405590246804,0.5,1.0,0.4300132362673726
H101919,429186,1770,1,1,1959,4349,0.3366223237540507,0.4073743681236991,0.0,0.0,0.27705162144275314
H101920,203105,2727,3,3,1973,7469,0.10543414571294465,0.6919417187035385,0.5,1.0,0.5351588352084712
H101921,612186,1912,4,1,1996,3075,0.5237563004328624,0.4495985727029438,0.75,0.0,0.17165784248841826
H101922,339088,1626,4,2,2002,5724,0.24448900664581263,0.36455545643770443,0.75,0.5,0.39080079417604235
H101923,535887,994,4,1,1988,3052,0.44573370323823586,0.17662801070472792,0.75,0.0,0.16975512905360687
H101924,811112,1668,5,3,2016,5408,0.7271760460329131,0.37704430567945285,1.0,1.0,0.36465916611515553
H101925,362092,1631,3,3,2015,7416,0.2680126678453721,0.36604222420457927,0.5,1.0,0.5307743216412971
H101926,120456,2280,1,2,1955,5676,0.020918101786567053,0.5590246803449301,0.0,0.5,0.3868299139642621
H101927,457099,2031,1,3,1970,5559,0.36516587944277024,0.48498364555456436,0.0,1.0,0.37715089344804764
H101928,665143,1210,5,3,2022,6055,0.5779096009955936,0.2408563782337199,1.0,1.0,0.4181833223031105
H101929,793752,1886,1,1,1985,6155,0.7094238829993383,0.4418673803151948,0.0,0.0,0.4264559894109861
H101930,315567,2135,4,3,1952,7387,0.22043666639738463,0.5159084151055605,0.75,1.0,0.5283752481800132
H101931,574504,2564,3,1,1991,7399,0.4852230626776111,0.6434730895034195,0.5,0.0,0.5293679682329583
H101932,430203,2243,1,2,1994,8843,0.3376622978211674,0.5480225988700564,0.0,0.5,0.6488252812706816
H101933,484107,2180,1,3,1993,6335,0.39278399114846063,0.5292893250074339,0.0,1.0,0.44134679020516215
H101934,896651,1830,2,1,1982,2678,0.8146473751647648,0.42521558132619686,0.25,0.0,0.13881535407015222
H101935,274554,1994,2,3,2009,7715,0.1784971812305644,0.4739815640796908,0.25,1.0,0.5555095962938451
H101936,538060,2424,2,1,2019,8699,0.4479557913875422,0.6018435920309247,0.25,0.0,0.6369126406353408
H101937,570153,1133,3,2,1975,10923,0.480773773428816,0.21796015462384777,0.5,0.5,0.8208967571144937
H101938,662867,1625,4,1,1970,8903,0.5755821860725282,0.36425810288432947,0.75,0.0,0.653788881535407
H101939,514697,1413,4,3,1951,5019,0.4240650203648806,0.30121914956883733,0.75,1.0,0.3324784910655195
H101940,546207,1989,4,1,1996,6374,0.45628683241487705,0.47249479631281593,0.75,0.0,0.4445731303772336
H101941,441252,2415,3,3,1979,5458,0.34896089513441436,0.5991674100505501,0.5,1.0,0.3687954996690933
H101942,540369,1501,3,2,1976,5186,0.450316951781812,0.32738626226583406,0.5,0.5,0.34629384513567174
H101943,448521,604,2,1,2020,5773,0.3563941021097055,0.060660124888492414,0.25,0.0,0.3948544010589014
H101944,593235,1593,1,3,1969,8571,0.5043771966512222,0.3547427891763307,0.0,1.0,0.62632362673726
H101945,444558,2256,5,3,1999,2821,0.3523415777950709,0.551888195063931,1.0,1.0,0.1506452680344143
H101946,556565,2068,5,3,1972,3994,0.4668788200129051,0.495985727029438,1.0,1.0,0.24768365320979482
H101947,495610,2014,1,1,1962,8438,0.40454684433827687,0.47992863514719003,0.0,0.0,0.6153209794837856
H101948,668907,1660,2,1,1953,8907,0.5817586298929655,0.3746654772524532,0.25,0.0,0.654119788219722
H101949,492290,1160,1,1,1963,4681,0.40115184541710935,0.22598870056497175,0.0,0.0,0.30451687624090007
H101950,234045,2057,1,2,1969,9301,0.13707308144213828,0.4927148379423134,0.0,0.5,0.6867140966247518
H101951,689288,1382,5,3,1962,7951,0.6026000374267954,0.2920011894142135,1.0,1.0,0.5750330906684316
H101952,364140,2892,2,3,1952,5464,0.2701069322401164,0.7410050550104074,0.25,1.0,0.3692918596955658
H101953,401935,2085,3,2,1996,1129,0.30875572266949175,0.5010407374368123,0.5,0.5,0.010671740569159496
H101954,410650,1509,5,2,1952,2663,0.31766759483755647,0.3297650906928338,1.0,0.5,0.1375744540039709
H101955,706165,1494,3,1,1950,4683,0.6198582894727424,0.32530478739220936,0.5,0.0,0.3046823295830576
H101956,179648,1753,2,1,1973,7519,0.0814472512268524,0.4023193577163247,0.25,0.0,0.539295168762409
H101957,970662,1680,1,1,1984,7526,0.890330286355888,0.38061254831995245,0.0,0.0,0.5398742554599603
H101958,658408,2358,4,1,1963,5067,0.5710224570997915,0.5822182575081772,0.75,0.0,0.3364493712772998
H101959,533485,1893,4,1,2016,5537,0.4432774419705719,0.4439488551888195,0.75,0.0,0.375330906684315
H101960,491765,1434,2,1,1962,5935,0.40061498564794884,0.30746357418971154,0.25,0.0,0.40825612177365983
H101961,542833,2745,4,2,1996,5562,0.4528366136317387,0.6972940826642878,0.75,0.5,0.37739907346128393
H101962,578168,1824,3,2,1999,6327,0.4889698325713333,0.42343146000594706,0.5,0.5,0.44068497683653207
H101963,596782,2184,4,2,1975,5939,0.5080043235106743,0.5304787392209337,0.75,0.5,0.40858702845797484
H101964,583340,1495,2,3,1952,2651,0.49425866824009185,0.3256021409455843,0.25,1.0,0.13658173395102582
H101965,513437,1981,2,3,2000,5584,0.4227765569188953,0.4701159678858162,0.25,1.0,0.37921906022501656
H101966,470399,1955,3,1,1989,5954,0.3787663269281702,0.4623847754980672,0.5,0.0,0.40982792852415617
H101967,477309,855,4,2,2017,7979,0.3858324240803592,0.1352958667856081,0.75,0.5,0.5773494374586366
H101968,470763,2807,4,3,1985,4337,0.37913854970145483,0.7157300029735355,0.75,1.0,0.2760589013898081
H101969,670065,2445,1,3,2000,6407,0.5829427891552281,0.608088016651799,0.0,1.0,0.44730311052283256
H101970,589033,1601,5,2,1950,7125,0.500080273317865,0.35712161760333033,1.0,0.5,0.5067008603573793
H101971,100000,1248,2,3,1982,5703,0.0,0.25215581326196845,0.25,1.0,0.3890635340833885
H101972,598385,1973,1,3,1956,2490,0.5096435353391777,0.4677371394588165,0.0,1.0,0.12326273990734612
H101973,529210,1843,2,2,2001,8020,0.43890586956455047,0.42908117752007136,0.25,0.5,0.5807412309728657
H101974,497193,1977,1,3,1960,7494,0.4061656043660504,0.4689265536723164,0.0,1.0,0.5372270019854402
H101975,441722,1895,5,2,1976,6457,0.34944151245156757,0.4445435622955694,1.0,0.5,0.45143944407677034
H101976,668616,2053,1,3,1963,6080,0.5814610561923451,0.4915254237288136,0.0,1.0,0.4202514890800794
H101977,642128,2523,2,2,1995,2437,0.5543746913056328,0.6312815938150461,0.25,0.5,0.11887822634017207
H101978,384068,2084,4,3,1959,7549,0.29048510648741344,0.5007433838834374,0.75,1.0,0.5417769688947717
H101979,561057,1275,2,3,1973,8972,0.4714722944568462,0.26018435920309246,0.25,1.0,0.6594970218398412
H101980,354251,2481,3,2,2010,3772,0.25999453936920514,0.6187927445732977,0.5,0.5,0.22931833223031106
H101981,293057,2620,3,3,1967,8690,0.1974181646758543,0.6601248884924175,0.5,1.0,0.636168100595632
H101982,405992,3376,3,2,1958,8262,0.312904370447557,0.8849241748438894,0.5,0.5,0.6007610853739246
H101983,629359,1238,3,2,1966,3713,0.5413172391296123,0.24918227772821885,0.5,0.5,0.22443745863666445
H101984,642968,1921,5,3,2007,5211,0.5552336669362896,0.45227475468331846,1.0,1.0,0.34836201191264066
H101985,576962,758,4,1,1962,3209,0.48773658898731886,0.10645257210823669,0.75,0.0,0.18274321641297153
H101986,608764,2076,4,3,1999,5869,0.5202569973279723,0.4983645554564377,0.75,1.0,0.40279616148246195
H101987,577426,1525,2,1,1955,6896,0.48821107076425313,0.3345227475468332,0.25,0.0,0.4877564526803441
H101988,403777,2761,1,1,2000,3359,0.3106393335167178,0.7020517395182873,0.0,0.0,0.19515221707478492
H101989,564788,1412,2,3,1985,6771,0.4752875778830137,0.3009217960154624,0.25,1.0,0.47741561879549965
H101990,620061,955,2,1,2020,7278,0.5318091969702703,0.16503122212310437,0.25,0.0,0.5193580410324289
H101991,613143,1564,2,2,1974,7306,0.5247349190977892,0.34611953612845675,0.25,0.5,0.521674387822634
H101992,678337,812,2,2,1960,6909,0.5914016539371251,0.12250966399048469,0.25,0.5,0.48883189940436794
H101993,606245,2175,4,1,1993,3543,0.5176810930260383,0.527802557240559,0.75,0.0,0.21037392455327597
H101994,552717,767,1,2,1963,5757,0.46294389355246757,0.10912875408861136,0.0,0.5,0.3935307743216413
H101995,660522,1814,2,3,1978,6704,0.5731842124369445,0.42045792447219743,0.25,1.0,0.47187293183322304
H101996,496021,761,4,2,1999,8922,0.40496712884327685,0.10734463276836158,0.75,0.5,0.6553606882859033
H101997,367718,1639,2,1,1954,6004,0.27376575939069997,0.3684210526315789,0.25,0.0,0.413964262078094
H101998,475539,2621,3,3,2021,6851,0.3840224397157609,0.6604222420457925,0.5,1.0,0.48403375248180014
H101999,388264,1980,2,2,2018,4135,0.2947758942805517,0.46981861433244126,0.25,0.5,0.25934811383189943
